Symbol,Description,Company Name,Market Cap,Sector,Industry,Sub-Industry
A,AGILENT TECHNOLOGIES INC COM,"AGILENT TECHNOLOGIES, INC.","38,190 M",Health Care,Life Sciences Tools & Services,Life Sciences Tools & Services
AAL,AMERICAN AIRLINES GROUP INC COM,AMERICAN AIRLINES GROUP INC,"10,840 M",Industrials,Airlines,Airlines
AAP,ADVANCE AUTO PARTS INC COM,"ADVANCE AUTO PARTS, INC.","11,522 M",Consumer Discretionary,Specialty Retail,Automotive Retail
AAPL,APPLE INC COM,APPLE INC.,"2,370,482 M",Information Technology,"Technology Hardware, Storage & Peripherals","Technology Hardware, Storage & Peripherals"
ABBV,ABBVIE INC COM,ABBVIE INC,"261,320 M",Health Care,Biotechnology,Biotechnology
ABC,AMERISOURCEBERGEN CORPORATION COM,AMERISOURCEBERGEN CORPORATION,"31,082 M",Health Care,Health Care Providers & Services,Health Care Distributors
ABMD,ABIOMED INC COM,"ABIOMED, INC.","12,020 M",Health Care,Health Care Equipment & Supplies,Health Care Equipment
ABT,ABBOTT LABORATORIES COM,ABBOTT LABORATORIES,"204,668 M",Health Care,Health Care Equipment & Supplies,Health Care Equipment
ACN,ACCENTURE PLC COM,ACCENTURE PLC,"192,681 M",Information Technology,IT Services,IT Consulting & Other Services
ADBE,ADOBE INC COM,ADOBE INC,"205,481 M",Information Technology,Software,Application Software
ADI,ANALOG DEVICES INC COM,ANALOG DEVICES INCORPORATED,"86,231 M",Information Technology,Semiconductors & Semiconductor Equipment,Semiconductors
ADM,ARCHER-DANIELS-MIDLAND CO COM,ARCHER-DANIELS-MIDLAND CO,"49,693 M",Consumer Staples,Food Products,Agricultural Products
ADP,AUTOMATIC DATA PROCESSING INC COM,"AUTOMATIC DATA PROCESSING, INC.","92,184 M",Information Technology,IT Services,Data Processing & Outsourced Services
ADSK,AUTODESK INC COM,"AUTODESK, INC.","45,392 M",Information Technology,Software,Application Software
AEE,AMEREN CORP COM,AMEREN CORPORATION,"24,304 M",Utilities,Multi-Utilities,Multi-Utilities
AEP,AMERICAN ELECTRIC POWER CO INC COM,"AMERICAN ELECTRIC POWER COMPANY, INC.","52,292 M",Utilities,Electric Utilities,Electric Utilities
AES,AES CORP COM,AES CORP,"14,795 M",,,
AFL,AFLAC INC COM,AFLAC INCORPORATED,"38,012 M",Financials,Insurance,Life & Health Insurance
AIG,AMER INTL GRP INC COM,"AMERICAN INTERNATIONAL GROUP, INC.","45,389 M",Financials,Insurance,Multi-line Insurance
AIZ,ASSURANT INC COM,"ASSURANT, INC.","9,652 M",Financials,Insurance,Multi-line Insurance
AJG,GALLAGHER (ARTHUR J) & CO COM,ARTHUR J. GALLAGHER & CO.,"34,046 M",Financials,Insurance,Insurance Brokers
AKAM,AKAMAI TECHNOLOGIES COM,"AKAMAI TECHNOLOGIES, INC.","16,268 M",Information Technology,IT Services,Internet Services & Infrastructure
ALB,ALBEMARLE CORP COM,ALBEMARLE CORPORATION,"29,084 M",Materials,Chemicals,Specialty Chemicals
ALGN,ALIGN TECHNOLOGY INC COM,"ALIGN TECHNOLOGY, INC.","21,883 M",Health Care,Health Care Equipment & Supplies,Health Care Supplies
ALK,ALASKA AIR GROUP INC COM,ALASKA AIR GROUP INCORPORATED,"5,909 M",Industrials,Airlines,Airlines
ALL,ALLSTATE CORP COM,ALLSTATE CORP,"36,661 M",Financials,Insurance,Property & Casualty Insurance
ALLE,ALLEGION PLC COM,ALLEGION PLC,"9,925 M",Industrials,Building Products,Building Products
AMAT,APPLIED MATERIALS INC COM,"APPLIED MATERIALS, INC.","100,253 M",Information Technology,Semiconductors & Semiconductor Equipment,Semiconductor Equipment
AMCR,AMCOR PLC COM,<empty>,"20,130 M",Materials,Containers & Packaging,Paper Packaging
AMD,ADVANCED MICRO DEVICES INC COM,"ADVANCED MICRO DEVICES, INC.","174,713 M",Information Technology,Semiconductors & Semiconductor Equipment,Semiconductors
AME,AMETEK INC COM,"AMETEK, INC.","28,284 M",Industrials,Electrical Equipment,Electrical Components & Equipment
AMGN,AMGEN INC COM,AMGEN INC.,"133,481 M",Health Care,Biotechnology,Biotechnology
AMP,AMERIPRISE FINANCIAL INC COM,"AMERIPRISE FINANCIAL, INC.","30,103 M",Financials,Capital Markets,Asset Management & Custody Banks
AMT,AMERICAN TOWER CORP COM USD0.01,AMERICAN TOWER CORPORATION,"122,608 M",Real Estate,Equity Real Estate Investment Trusts (REITs),Specialized REITs
AMZN,AMAZON COM INC COM,"AMAZON.COM, INC.","1,246,104 M",Consumer Discretionary,Internet & Direct Marketing Retail,Internet & Direct Marketing Retail
ANET,ARISTA NETWORKS INC COM,ARISTA NETWORKS INC,"32,226 M",Information Technology,Communications Equipment,Communications Equipment
ANSS,ANSYS INC COM,"ANSYS, INC.","22,595 M",Information Technology,Software,Application Software
ANTM,ANTHEM INC COM,ANTHEM INC,"118,751 M",Health Care,Health Care Providers & Services,Managed Health Care
AON,AON PLC (IE) COM CL A,AON PLC,"57,533 M",Financials,Insurance,Insurance Brokers
AOS,SMITH A O CORP COM,A O SMITH CORP,"9,493 M",Industrials,Building Products,Building Products
APA,APA CORPORATION COM,APA CORP (US),"16,211 M",Energy,"Oil, Gas & Consumable Fuels",Oil & Gas Exploration & Production
APD,AIR PRODUCTS & CHEMICALS INC COM,"AIR PRODUCTS AND CHEMICALS, INC.","56,009 M",Materials,Chemicals,Industrial Gases
APH,AMPHENOL CORP COM CL A,AMPHENOL CORPORATION,"42,239 M",Information Technology,"Electronic Equipment, Instruments & Components",Electronic Components
APTV,APTIV PLC COM,APTIV PLC,"28,952 M",Consumer Discretionary,Auto Components,Auto Parts & Equipment
ARE,ALEXANDRIA REAL ESTATE EQUITIE COM USD0.01,"ALEXANDRIA REAL ESTATE EQUITIES, INC.","26,748 M",Real Estate,Equity Real Estate Investment Trusts (REITs),Office REITs
ATO,ATMOS ENERGY CORP COM,ATMOS ENERGY CORPORATION,"16,097 M",Utilities,Gas Utilities,Gas Utilities
ATVI,ACTIVISION BLIZZARD INC COM,ACTIVISION BLIZZARD INCORPORATION,"60,854 M",Communication Services,Entertainment,Interactive Home Entertainment
AVB,AVALONBAY COMMUNITIES INC COM USD0.01,AVALONBAY COMMUNITIES INC.,"28,687 M",Real Estate,Equity Real Estate Investment Trusts (REITs),Residential REITs
AVGO,BROADCOM INC COM,BROADCOM INC,"238,662 M",Information Technology,Semiconductors & Semiconductor Equipment,Semiconductors
AVY,AVERY DENNISON CORP COM,AVERY DENNISON CORPORATION,"14,395 M",Materials,Containers & Packaging,Paper Packaging
AWK,AMER WATER WORKS CO INC COM,AMERICAN WATER WORKS CO INCORPORATED,"28,144 M",Utilities,Water Utilities,Water Utilities
AXP,AMERICAN EXPRESS CO COM,AMERICAN EXPRESS COMPANY,"125,648 M",Financials,Consumer Finance,Consumer Finance
AZO,AUTOZONE INC COM,"AUTOZONE, INC.","40,281 M",Consumer Discretionary,Specialty Retail,Automotive Retail
BA,BOEING CO COM,BOEING CO,"82,379 M",Industrials,Aerospace & Defense,Aerospace & Defense
BAC,BANK OF AMERICA CORPORATION COM,BANK OF AMERICA CORPORATION,"292,868 M",Financials,Banks,Diversified Banks
BALL,BALL CORP COM,BALL CORPORATION,"23,044 M",,,
BAX,BAXTER INTERNATIONAL INC COM,BAXTER INTERNATIONAL INC.,"37,105 M",Health Care,Health Care Equipment & Supplies,Health Care Equipment
BBWI,BATH & BODY WORKS INC COM,BATH & BODY WORKS INC,"9,187 M",Consumer Discretionary,Specialty Retail,Specialty Stores
BBY,BEST BUY CO INC COM,"BEST BUY CO., INC.","18,238 M",Consumer Discretionary,Specialty Retail,Computer & Electronics Retail
BDX,BECTON DICKINSON & CO COM,BECTON DICKINSON AND CO,"72,446 M",Health Care,Health Care Equipment & Supplies,Health Care Equipment
BEN,FRANKLIN RESOURCES INC COM,FRANKLIN RESOURCES INCORPORATED,"13,303 M",Financials,Capital Markets,Asset Management & Custody Banks
BF/B,BROWN-FORMAN CORP COM CL B,BROWN-FORMAN CORPORATION,"31,571 M",Consumer Staples,Beverages,Distillers & Vintners
BIIB,BIOGEN INC COM,BIOGEN INC,"29,375 M",Health Care,Biotechnology,Biotechnology
BIO,BIO RAD LABORATORIES INC COM CL A,BIO RAD LABORATORIES INCORPORATED,"16,302 M",Health Care,Life Sciences Tools & Services,Life Sciences Tools & Services
BK,BANK OF NEW YORK MELLON CORP COM,BANK OF NEW YORK MELLON CORP.,"37,110 M",Financials,Capital Markets,Asset Management & Custody Banks
BKNG,BOOKING HOLDINGS INC COM,BOOKING HOLDINGS INC,"94,920 M",Consumer Discretionary,"Hotels, Restaurants & Leisure","Hotels, Resorts & Cruise Lines"
BKR,BAKER HUGHES COMPANY COM CL A,BAKER HUGHES CO,"36,715 M",Energy,Energy Equipment & Services,Oil & Gas Equipment & Services
BLK,BLACKROCK INC COM,"BLACKROCK, INCORPORATION","101,906 M",Financials,Capital Markets,Asset Management & Custody Banks
BMY,BRISTOL-MYERS SQUIBB CO COM,BRISTOL-MYERS SQUIBB COMPANY,"159,637 M",Health Care,Pharmaceuticals,Pharmaceuticals
BR,BROADRIDGE FIN SOLUTIONS INC COM,BROADRIDGE FINANCIAL SOLUTIONS INC,"17,090 M",Information Technology,IT Services,Data Processing & Outsourced Services
BRK/B,BERKSHIRE HATHAWAY INC COM CL B,BERKSHIRE HATHAWAY INC.,"686,428 M",Financials,Diversified Financial Services,Multi-Sector Holdings
BRO,BROWN & BROWN INC COM,"BROWN & BROWN, INC.","16,696 M",Financials,Insurance,Insurance Brokers
BSX,BOSTON SCIENTIFIC CORP COM,BOSTON SCIENTIFIC CORPORATION,"57,562 M",Health Care,Health Care Equipment & Supplies,Health Care Equipment
BWA,BORG WARNER INC COM,BORGWARNER INC.,"9,418 M",Consumer Discretionary,Auto Components,Auto Parts & Equipment
BXP,BOSTON PROPERTIES INC COM USD0.01,"BOSTON PROPERTIES, INC.","16,745 M",Real Estate,Equity Real Estate Investment Trusts (REITs),Office REITs
C,CITIGROUP INC COM,CITIGROUP INC.,"100,009 M",Financials,Banks,Diversified Banks
CAG,CONAGRA BRANDS INC COM,CONAGRA BRANDS INC,"15,399 M",Consumer Staples,Food Products,Packaged Foods & Meats
CAH,CARDINAL HEALTH INC COM,"CARDINAL HEALTH, INC.","14,733 M",Health Care,Health Care Providers & Services,Health Care Distributors
CARR,CARRIER GLOBAL CORPORATION COM,CARRIER GLOBAL CORP,"33,684 M",Industrials,Building Products,Building Products
CAT,CATERPILLAR INC COM,CATERPILLAR INC.,"119,006 M",Industrials,Machinery,Construction Machinery & Heavy Trucks
CB,CHUBB LIMITED COM,CHUBB LTD,"88,613 M",Financials,Insurance,Property & Casualty Insurance
CBOE,CBOE GLOBAL MARKETS INC COM,CBOE GLOBAL MARKETS INC,"12,116 M",,,
CBRE,CBRE GROUP INC COM CL A,CBRE GROUP INCORPORATED,"26,100 M",Real Estate,Real Estate Management & Development,Real Estate Services
CCI,CROWN CASTLE INTL CORP COM USD0.01,CROWN CASTLE INTERNATIONAL CORP.,"80,475 M",Real Estate,Equity Real Estate Investment Trusts (REITs),Specialized REITs
CCL,CARNIVAL CORP UNITS,CARNIVAL CORP,"15,961 M",Consumer Discretionary,"Hotels, Restaurants & Leisure","Hotels, Resorts & Cruise Lines"
CDAY,CERIDIAN HCM HLDG INC COM,CERIDIAN HCM HOLDING INC,"8,618 M",Information Technology,Software,Application Software
CDNS,CADENCE DESIGN SYSTEMS INC COM,"CADENCE DESIGN SYSTEMS, INC.","43,738 M",Information Technology,Software,Application Software
CDW,CDW CORP COM,CDW CORP,"23,555 M",Information Technology,"Electronic Equipment, Instruments & Components",Technology Distributors
CE,CELANESE CORP COM,CELANESE CORPORATION,"17,079 M",Materials,Chemicals,Specialty Chemicals
CEG,CONSTELLATION ENERGY CORP COM,CONSTELLATION ENERGY CORP,"20,814 M",Utilities,Electric Utilities,Electric Utilities
CERN,CERNER CORP COM,CERNER CORPORATION,"27,928 M",Health Care,Health Care Technology,Health Care Technology
CF,CF INDUSTRIES HOLDINGS INC COM,"CF INDUSTRIES HOLDINGS, INC.","20,078 M",Materials,Chemicals,Fertilizers & Agricultural Chemicals
CFG,CITIZENS FINL GROUP INC COM,CITIZENS FINANCIAL GROUP INC,"20,095 M",Financials,Banks,Regional Banks
CHD,CHURCH & DWIGHT COM,"CHURCH & DWIGHT CO., INC.","21,468 M",Consumer Staples,Household Products,Household Products
CHRW,CH ROBINSON WORLDWIDE INC COM,CH ROBINSON WORLDWIDE INC,"13,813 M",Industrials,Air Freight & Logistics,Air Freight & Logistics
CHTR,CHARTER COMMUNICATIONS INC COM CL A,CHARTER COMMUNICATIONS INC,"82,982 M",Communication Services,Media,Cable & Satellite
CI,CIGNA CORPORATION COM,CIGNA CORP,"82,466 M",Health Care,Health Care Providers & Services,Health Care Services
CINF,CINCINNATI FINANCIAL CORP COM,CINCINNATI FINANCIAL CORPORATION,"20,247 M",Financials,Insurance,Property & Casualty Insurance
CL,COLGATE-PALMOLIVE CO COM,COLGATE-PALMOLIVE CO.,"66,235 M",Consumer Staples,Household Products,Household Products
CLX,CLOROX CO COM,CLOROX CO,"16,996 M",Consumer Staples,Household Products,Household Products
CMA,COMERICA INC COM,COMERICA INCORPORATED,"10,737 M",Financials,Banks,Regional Banks
CMCSA,COMCAST CORP COM CL A,COMCAST CORPORATION,"194,634 M",Communication Services,Media,Cable & Satellite
CME,CME GROUP INC COM,CME GROUP INCORPORATION,"72,402 M",Financials,Capital Markets,Financial Exchanges & Data
CMG,CHIPOTLE MEXICAN GRILL COM,"CHIPOTLE MEXICAN GRILL, INC.","38,672 M",Consumer Discretionary,"Hotels, Restaurants & Leisure",Restaurants
CMI,CUMMINS INC COM,CUMMINS INC.,"29,822 M",Industrials,Machinery,Construction Machinery & Heavy Trucks
CMS,CMS ENERGY CORP COM,CMS ENERGY CORPORATION,"20,614 M",Utilities,Multi-Utilities,Multi-Utilities
CNC,CENTENE CORPORATION COM,CENTENE CORPORATION,"48,107 M",Health Care,Health Care Providers & Services,Managed Health Care
CNP,CENTERPOINT ENERGY INC COM,"CENTERPOINT ENERGY, INC.","20,136 M",Utilities,Multi-Utilities,Multi-Utilities
COF,CAPITAL ONE FINANCIAL CORP COM,CAPITAL ONE FINANCIAL CORPORATION,"48,797 M",Financials,Consumer Finance,Consumer Finance
COO,COOPER COS INC COM,COOPER COMPANIES INC,"17,282 M",Health Care,Health Care Equipment & Supplies,Health Care Supplies
COP,CONOCOPHILLIPS COM,CONOCOPHILLIPS,"151,295 M",Energy,"Oil, Gas & Consumable Fuels",Oil & Gas Exploration & Production
COST,COSTCO WHOLESALE CORP COM,COSTCO WHOLESALE CORPORATION,"212,960 M",Consumer Staples,Food & Staples Retailing,Hypermarkets & Super Centers
CPB,CAMPBELL SOUP CO COM,CAMPBELL SOUP COMPANY,"13,779 M",Consumer Staples,Food Products,Packaged Foods & Meats
CPRT,COPART INC COM,"COPART, INC.","27,344 M",Industrials,Commercial Services & Supplies,Diversified Support Services
CPT,CAMDEN PROPERTY TRUST SBI USD0.01,CAMDEN PROPERTY TRUST,"15,185 M",Real Estate,Equity Real Estate Investment Trusts (REITs),Residential REITs
CRL,CHARLES RIVER LABORATORIES COM,CHARLES RIVER LABORATORIES INTERNATIONAL INC,"12,381 M",Health Care,Life Sciences Tools & Services,Life Sciences Tools & Services
CRM,SALESFORCE INC COM,SALESFORCE INC,"186,727 M",Information Technology,Software,Application Software
CSCO,CISCO SYSTEMS INC COM,CISCO SYSTEMS INCORPORATED,"188,269 M",Information Technology,Communications Equipment,Communications Equipment
CSX,CSX CORP COM,CSX CORPORATION,"70,359 M",Industrials,Road & Rail,Railroads
CTAS,CINTAS CORP COM,CINTAS CORPORATION,"40,253 M",Industrials,Commercial Services & Supplies,Diversified Support Services
CTLT,CATALENT INC COM,CATALENT INC,"19,733 M",Health Care,Pharmaceuticals,Pharmaceuticals
CTRA,COTERRA ENERGY INC COM,COTERRA ENERGY INC,"28,147 M",Energy,"Oil, Gas & Consumable Fuels",Oil & Gas Exploration & Production
CTSH,COGNIZANT TECHNOLO COM CL A,COGNIZANT TECHNOLOGY SOLUTIONS CORPORATION,"38,577 M",Information Technology,IT Services,IT Consulting & Other Services
CTVA,CORTEVA INC COM,CORTEVA INC,"45,021 M",Materials,Chemicals,Fertilizers & Agricultural Chemicals
CTXS,CITRIX SYSTEMS INC COM,"CITRIX SYSTEMS, INC.","12,824 M",Information Technology,Software,Application Software
CVS,CVS HEALTH CORPORATION COM,CVS HEALTH CORP,"126,554 M",Health Care,Health Care Providers & Services,Health Care Services
CVX,CHEVRON CORPORATION COM,CHEVRON CORPORATION,"349,388 M",Energy,"Oil, Gas & Consumable Fuels",Integrated Oil & Gas
CZR,CAESARS ENTERTAINMENT INC NEW COM,CAESARS ENTERTAINMENT INC,"10,920 M",Consumer Discretionary,"Hotels, Restaurants & Leisure",Casinos & Gaming
D,DOMINION ENERGY INC COM,DOMINION ENERGY INC,"67,554 M",Utilities,Multi-Utilities,Multi-Utilities
DAL,DELTA AIR LINES INC COM,DELTA AIR LINES INC,"24,906 M",Industrials,Airlines,Airlines
DD,DUPONT DE NEMOURS INC COM,DUPONT DE NEMOURS INC,"34,412 M",Materials,Chemicals,Specialty Chemicals
DE,DEERE & CO COM,DEERE & COMPANY,"110,613 M",Industrials,Machinery,Agricultural & Farm Machinery
DFS,DISCOVER FINANCIAL SERVICES COM,DISCOVER FINANCIAL SERVICES,"31,142 M",Financials,Consumer Finance,Consumer Finance
DG,DOLLAR GENERAL CORP COM,DOLLAR GENERAL CORPORATION,"51,445 M",Consumer Discretionary,Multiline Retail,General Merchandise Stores
DGX,QUEST DIAGNOSTICS INC COM,QUEST DIAGNOSTICS INCORPORATED,"16,088 M",Health Care,Health Care Providers & Services,Health Care Services
DHI,DR HORTON INC COM,D R HORTON INC,"26,867 M",Consumer Discretionary,Household Durables,Homebuilding
DHR,DANAHER CORP COM,DANAHER CORPORATION,"194,784 M",Health Care,Life Sciences Tools & Services,Life Sciences Tools & Services
DIS,WALT DISNEY COMPANY (THE) COM,WALT DISNEY CO,"198,105 M",Communication Services,Entertainment,Movies & Entertainment
DISH,DISH NETWORK CORPORATION COM CL A,DISH NETWORK CORPORATION,"11,602 M",Communication Services,Media,Cable & Satellite
DLR,DIGITAL REALTY TRUST INC COM STK USD0.01,"DIGITAL REALTY TRUST, INC.","38,700 M",Real Estate,Equity Real Estate Investment Trusts (REITs),Specialized REITs
DLTR,DOLLAR TREE INC COM,"DOLLAR TREE, INCORPORATION","35,847 M",Consumer Discretionary,Multiline Retail,General Merchandise Stores
DOV,DOVER CORP COM,DOVER CORPORATION,"19,273 M",Industrials,Machinery,Industrial Machinery
DOW,DOW INC COM,DOW INC,"49,027 M",Materials,Chemicals,Commodity Chemicals
DPZ,DOMINOS PIZZA INC COM,"DOMINO' S PIZZA, INC.","13,403 M",Consumer Discretionary,"Hotels, Restaurants & Leisure",Restaurants
DRE,DUKE REALTY CORPORATION COM USD0.01,DUKE REALTY CORPORATION,"20,338 M",Real Estate,Equity Real Estate Investment Trusts (REITs),Industrial REITs
DRI,DARDEN RESTAURANTS INC COM,"DARDEN RESTAURANTS, INC.","15,667 M",Consumer Discretionary,"Hotels, Restaurants & Leisure",Restaurants
DTE,DTE ENERGY CO COM,DTE ENERGY COMPANY,"25,638 M",Utilities,Multi-Utilities,Multi-Utilities
DUK,DUKE ENERGY CORP COM,DUKE ENERGY CORPORATION,"85,921 M",Utilities,Electric Utilities,Electric Utilities
DVA,DAVITA INC COM,DAVITA INC,"9,186 M",Health Care,Health Care Providers & Services,Health Care Services
DVN,DEVON ENERGY CORP COM,DEVON ENERGY CORPORATION,"50,734 M",Energy,"Oil, Gas & Consumable Fuels",Oil & Gas Exploration & Production
DXC,DXC TECHNOLOGY COMPANY COM,DXC TECHNOLOGY CO,"8,001 M",Information Technology,IT Services,IT Consulting & Other Services
DXCM,DEXCOM INC COM,"DEXCOM, INC.","29,659 M",Health Care,Health Care Equipment & Supplies,Health Care Equipment
EA,ELECTRONIC ARTS INC COM,"ELECTRONIC ARTS, INC.","39,801 M",Communication Services,Entertainment,Interactive Home Entertainment
EBAY,EBAY INC COM,EBAY INCORPORATED,"26,469 M",Consumer Discretionary,Internet & Direct Marketing Retail,Internet & Direct Marketing Retail
ECL,ECOLAB INC COM,ECOLAB INC.,"49,587 M",Materials,Chemicals,Specialty Chemicals
ED,CONSOLIDATED EDISON INC COM,"CONSOLIDATED EDISON, INC.","34,822 M",Utilities,Multi-Utilities,Multi-Utilities
EFX,EQUIFAX INC COM,"EQUIFAX, INCORPORATED","24,463 M",Industrials,Professional Services,Research & Consulting Services
EIX,EDISON INTERNATIONAL COM,EDISON INTERNATIONAL,"26,747 M",Utilities,Electric Utilities,Electric Utilities
EL,ESTEE LAUDER COMPANIES INC COM CL A,ESTEE LAUDER COMPANIES INC,"93,316 M",Consumer Staples,Personal Products,Personal Products
EMBC,EMBECTA CORPORATION COM,EMBECTA CORP,"1,688 M",Health Care,Health Care Equipment & Supplies,Health Care Supplies
EMN,EASTMAN CHEMICAL CO COM,EASTMAN CHEMICAL COMPANY,"14,254 M",Materials,Chemicals,Specialty Chemicals
EMR,EMERSON ELECTRIC CO COM,EMERSON ELECTRIC CO,"53,276 M",Industrials,Electrical Equipment,Electrical Components & Equipment
ENPH,ENPHASE ENERGY INC COM,ENPHASE ENERGY INC,"27,072 M",Information Technology,Semiconductors & Semiconductor Equipment,Semiconductor Equipment
EOG,EOG RESOURCES INC COM,EOG RESOURCES INC,"82,879 M",Energy,"Oil, Gas & Consumable Fuels",Oil & Gas Exploration & Production
EPAM,EPAM SYS INC COM,EPAM SYSTEMS INC,"19,486 M",Information Technology,IT Services,IT Consulting & Other Services
EQIX,EQUINIX INC COM,"EQUINIX, INC.","62,244 M",Real Estate,Equity Real Estate Investment Trusts (REITs),Specialized REITs
EQR,EQUITY RESIDENTIAL SBI USD0.01,EQUITY RESIDENTIAL,"28,538 M",Real Estate,Equity Real Estate Investment Trusts (REITs),Residential REITs
ES,EVERSOURCE ENERGY COM,EVERSOURCE ENERGY,"31,849 M",Utilities,Electric Utilities,Electric Utilities
ESS,ESSEX PROPERTY TRUST INC COM USD0.0001,ESSEX PROPERTY TRUST INCORPORATED,"18,500 M",Real Estate,Equity Real Estate Investment Trusts (REITs),Residential REITs
ETN,EATON CORPORATION PLC COM,EATON CORP PLC,"55,884 M",Industrials,Electrical Equipment,Electrical Components & Equipment
ETR,ENTERGY CORP COM,ENTERGY CORPORATION,"24,387 M",Utilities,Electric Utilities,Electric Utilities
ETSY,ETSY INC COM,ETSY INC,"10,659 M",Consumer Discretionary,Internet & Direct Marketing Retail,Internet & Direct Marketing Retail
EVRG,EVERGY INC COM,EVERGY INC,"16,054 M",Utilities,Electric Utilities,Electric Utilities
EW,EDWARDS LIFESCIENCES CORP COM,EDWARDS LIFESCIENCES CORPORATION,"61,392 M",Health Care,Health Care Equipment & Supplies,Health Care Equipment
EXC,EXELON CORP COM,EXELON CORPORATION,"47,922 M",Utilities,Electric Utilities,Electric Utilities
EXPD,EXPEDTRS INTL WASH COM,"EXPEDITORS INTERNATIONAL OF  WASHINGTON, INC.","18,307 M",Industrials,Air Freight & Logistics,Air Freight & Logistics
EXPE,EXPEDIA GROUP INC COM,EXPEDIA GROUP INC,"20,861 M",Consumer Discretionary,"Hotels, Restaurants & Leisure","Hotels, Resorts & Cruise Lines"
EXR,EXTRA SPACE STORAGE INC COM USD0.01,EXTRA SPACE STORAGE INCORPORATION,"23,947 M",Real Estate,Equity Real Estate Investment Trusts (REITs),Specialized REITs
F,FORD MOTOR CO COM,FORD MOTOR COMPANY,"54,207 M",Consumer Discretionary,Automobiles,Automobile Manufacturers
FANG,DIAMONDBACK ENERGY INC COM,DIAMONDBACK ENERGY INC,"27,455 M",Energy,"Oil, Gas & Consumable Fuels",Oil & Gas Exploration & Production
FAST,FASTENAL COM,FASTENAL COMPANY,"31,353 M",Industrials,Trading Companies & Distributors,Trading Companies & Distributors
FB,META PLATFORMS INC COM CL A,META PLATFORMS INC,"524,228 M",Communication Services,Interactive Media & Services,Interactive Media & Services
FBHS,FORTUNE BRANDS HOME & SECURITY COM,FORTUNE BRANDS HOME & SECURITY INC,"9,230 M",Industrials,Building Products,Building Products
FCX,FREEPORT-MCMORAN INC COM CL B,FREEPORT-MCMORAN INC,"60,233 M",Materials,Metals & Mining,Copper
FDS,FACTSET RESEARCH SYSTEMS COM,FACTSET RESEARCH SYSTEMS INC.,"14,362 M",Financials,Capital Markets,Financial Exchanges & Data
FDX,FEDEX CORP COM,FEDEX CORPORATION,"57,110 M",Industrials,Air Freight & Logistics,Air Freight & Logistics
FE,FIRSTENERGY CORP COM,FIRSTENERGY CORPORATION,"24,099 M",Utilities,Electric Utilities,Electric Utilities
FFIV,F5 INC COM,F5 INC,"10,064 M",Information Technology,Communications Equipment,Communications Equipment
FIS,FIDELITY NATIONAL INFORMATION COM,"FIDELITY NATIONAL INFORMATION SERVICES, INC.","63,539 M",Information Technology,IT Services,Data Processing & Outsourced Services
FISV,FISERV INC COM,"FISERV, INC.","64,426 M",Information Technology,IT Services,Data Processing & Outsourced Services
FITB,FIFTH THIRD BANCORP COM,FIFTH THIRD BANCORP,"26,744 M",Financials,Banks,Regional Banks
FLT,FLEETCOR TECHNOLOGIES INC COM,"FLEETCOR TECHNOLOGIES, INC.","18,774 M",Information Technology,IT Services,Data Processing & Outsourced Services
FMC,FMC CORP COM,FMC CORPORATION,"15,527 M",Materials,Chemicals,Fertilizers & Agricultural Chemicals
FOX,FOX CORP COM CL B,FOX CORP,"17,699 M",Communication Services,Media,Broadcasting
FOXA,FOX CORP COM CL A,FOX CORP,"19,130 M",Communication Services,Media,Broadcasting
FRC,FIRST REPUBLIC BANK SAN FRANCI COM,FIRST REPUBLIC BANK,"27,594 M",Financials,Banks,Regional Banks
FRT,FED REALTY INVEST TRUST COM USD0.01,FEDERAL REALTY INVESTMENT TRUST,"8,919 M",Real Estate,Equity Real Estate Investment Trusts (REITs),Retail REITs
FTNT,FORTINET INC COM,FORTINET INCORPORATION,"47,606 M",Information Technology,Software,Systems Software
FTV,FORTIVE CORP COM,FORTIVE CORP,"22,410 M",Industrials,Machinery,Industrial Machinery
GD,GENERAL DYNAMICS CORP COM,GENERAL DYNAMICS CORPORATION,"64,030 M",Industrials,Aerospace & Defense,Aerospace & Defense
GE,GENERAL ELECTRIC CO COM,GENERAL ELECTRIC COMPANY,"83,959 M",Industrials,Industrial Conglomerates,Industrial Conglomerates
GILD,GILEAD SCIENCES INC COM,"GILEAD SCIENCES, INC.","80,320 M",Health Care,Biotechnology,Biotechnology
GIS,GENERAL MILLS INC COM,"GENERAL MILLS, INC.","41,053 M",Consumer Staples,Food Products,Packaged Foods & Meats
GL,GLOBE LIFE INC COM,GLOBE LIFE INC,"9,565 M",Financials,Insurance,Life & Health Insurance
GLW,CORNING INC COM,CORNING INC,"30,465 M",Information Technology,"Electronic Equipment, Instruments & Components",Electronic Components
GM,GENERAL MOTORS CO COM,GENERAL MOTORS COMPANY,"55,209 M",Consumer Discretionary,Automobiles,Automobile Manufacturers
GNRC,GENERAC HLDGS INC COM,GENERAC HOLDINGS INCORPORATION,"17,326 M",Industrials,Electrical Equipment,Electrical Components & Equipment
GOOG,ALPHABET INC COM CL C,ALPHABET INC,"1,517,915 M",Communication Services,Interactive Media & Services,Interactive Media & Services
GOOGL,ALPHABET INC COM CL A,ALPHABET INC,"1,515,972 M",Communication Services,Interactive Media & Services,Interactive Media & Services
GPC,GENUINE PARTS CO COM,GENUINE PARTS COMPANY,"19,338 M",Consumer Discretionary,Distributors,Distributors
GPN,GLOBAL PAYMENTS INC COM,GLOBAL PAYMENTS INC.,"36,344 M",Information Technology,IT Services,Data Processing & Outsourced Services
GRMN,GARMIN LTD COM,GARMIN LTD.,"20,345 M",Consumer Discretionary,Household Durables,Consumer Electronics
GS,GOLDMAN SACHS GROUP INC COM,GOLDMAN SACHS GROUP INC,"109,875 M",Financials,Capital Markets,Investment Banking & Brokerage
GWW,GRAINGER W W INC COM,WW GRAINGER INC,"25,327 M",Industrials,Trading Companies & Distributors,Trading Companies & Distributors
HAL,HALLIBURTON CO COM,HALLIBURTON COMPANY,"37,531 M",Energy,Energy Equipment & Services,Oil & Gas Equipment & Services
HAS,HASBRO INC COM,"HASBRO, INC.","12,409 M",Consumer Discretionary,Leisure Products,Leisure Products
HBAN,HUNTINGTON BANCSHARES INC COM,HUNTINGTON BANCSHARES INCORPORATED,"19,530 M",Financials,Banks,Regional Banks
HCA,HCA HEALTHCARE INC COM,HCA HEALTHCARE INC,"61,610 M",Health Care,Health Care Providers & Services,Health Care Facilities
HD,HOME DEPOT INC COM,HOME DEPOT INC,"313,560 M",Consumer Discretionary,Specialty Retail,Home Improvement Retail
HES,HESS CORPORATION COM,HESS CORPORATION,"39,505 M",Energy,"Oil, Gas & Consumable Fuels",Oil & Gas Exploration & Production
HIG,THE HARTFORD FIN SERVICES GRP COM,HARTFORD FINANCIAL SERVICES GROUP INC,"23,534 M",Financials,Insurance,Multi-line Insurance
HII,HUNTINGTON INGALLS INDUSTRIES COM,HUNTINGTON INGALLS INDUSTRIES INC,"8,531 M",Industrials,Aerospace & Defense,Aerospace & Defense
HLT,HILTON WORLDWIDE HOLDINGS INC COM,HILTON WORLDWIDE HOLDINGS INC,"39,316 M",Consumer Discretionary,"Hotels, Restaurants & Leisure","Hotels, Resorts & Cruise Lines"
HOLX,HOLOGIC INC COM,"HOLOGIC, INC.","18,762 M",Health Care,Health Care Equipment & Supplies,Health Care Equipment
HON,HONEYWELL INTERNATIONAL INC COM,HONEYWELL INTERNATIONAL INCORPORATED,"132,729 M",Industrials,Industrial Conglomerates,Industrial Conglomerates
HPE,HEWLETT PACKARD ENTERPRISE CO COM,HEWLETT PACKARD ENTERPRISE CO,"19,517 M",Information Technology,"Technology Hardware, Storage & Peripherals","Technology Hardware, Storage & Peripherals"
HPQ,HP INCORPORATION COM,HP INC,"41,992 M",Information Technology,"Technology Hardware, Storage & Peripherals","Technology Hardware, Storage & Peripherals"
HRL,HORMEL FOODS CORP COM,HORMEL FOODS CORPORATION,"25,184 M",Consumer Staples,Food Products,Packaged Foods & Meats
HSIC,HENRY SCHEIN INC COM,"HENRY SCHEIN, INC.","11,669 M",Health Care,Health Care Providers & Services,Health Care Distributors
HST,HOST HOTELS & RESORTS INC COM STK USD0.01,"HOST HOTELS & RESORTS, INC.","14,673 M",Real Estate,Equity Real Estate Investment Trusts (REITs),Hotel & Resort REITs
HSY,HERSHEY COMPANY COM,HERSHEY CO,"42,899 M",Consumer Staples,Food Products,Packaged Foods & Meats
HUM,HUMANA INC COM,HUMANA INC,"56,360 M",Health Care,Health Care Providers & Services,Managed Health Care
HWM,HOWMET AEROSPACE INC COM,HOWMET AEROSPACE INC,"15,258 M",Industrials,Aerospace & Defense,Aerospace & Defense
IBM,INTERNATIONAL BUS MACH CORP COM,INTERNATIONAL BUSINESS MACHINES CORPORATION,"127,508 M",Information Technology,IT Services,IT Consulting & Other Services
ICE,INTERCONTINENTAL EXCHANGE INC COM,INTERCONTINENTAL EXCHANGE INC,"56,882 M",Financials,Capital Markets,Financial Exchanges & Data
IDXX,IDEXX LABORATORIES INC COM,IDEXX LABORATORIES INCORPORATED,"31,673 M",Health Care,Health Care Equipment & Supplies,Health Care Equipment
IEX,IDEX CORP COM,IDEX CORPORATION,"14,798 M",Industrials,Machinery,Industrial Machinery
IFF,INTL FLAVORS & FRAGRANCES INC COM,INTERNATIONAL FLAVORS & FRAGRANCES INCORPORATED,"33,960 M",Materials,Chemicals,Specialty Chemicals
ILMN,ILLUMINA INC COM,"ILLUMINA, INC.","38,062 M",Health Care,Life Sciences Tools & Services,Life Sciences Tools & Services
INCY,INCYTE CORPORATION COM,INCYTE CORP.,"16,536 M",Health Care,Biotechnology,Biotechnology
INTC,INTEL CORP COM,INTEL CORPORATION,"179,180 M",Information Technology,Semiconductors & Semiconductor Equipment,Semiconductors
INTU,INTUIT INC COM,INTUIT INC.,"117,298 M",Information Technology,Software,Application Software
IP,INTERNATIONAL PAPER CO COM,INTERNATIONAL PAPER COMPANY,"17,451 M",Materials,Containers & Packaging,Paper Packaging
IPG,INTERPUBLIC GROUP COS INC COM,INTERPUBLIC GROUP OF COMPANIES INC,"12,298 M",Communication Services,Media,Advertising
IPGP,IPG PHOTONICS CORPORATION COM,IPG PHOTONICS CORP,"5,333 M",Information Technology,"Electronic Equipment, Instruments & Components",Electronic Manufacturing Services
IQV,IQVIA HOLDINGS INC COM,IQVIA HOLDINGS INC,"41,507 M",Health Care,Life Sciences Tools & Services,Life Sciences Tools & Services
IR,INGERSOLL RAND INC COM,INGERSOLL RAND INC,"19,529 M",Industrials,Machinery,Industrial Machinery
IRM,IRON MOUNTAIN INC COM,IRON MOUNTAIN INCORPORATED,"15,545 M",Real Estate,Equity Real Estate Investment Trusts (REITs),Specialized REITs
ISRG,INTUITIVE SURGICAL INC COM,"INTUITIVE SURGICAL, INC.","79,699 M",Health Care,Health Care Equipment & Supplies,Health Care Equipment
IT,GARTNER INC COM,GARTNER INCORPORATED,"21,226 M",Information Technology,IT Services,IT Consulting & Other Services
ITW,ILLINOIS TOOL WORKS INC COM,ILLINOIS TOOL WORKS INCORPORATED,"64,677 M",Industrials,Machinery,Industrial Machinery
IVZ,INVESCO LTD COM,INVESCO LIMITED,"8,605 M",Financials,Capital Markets,Asset Management & Custody Banks
J,JACOBS ENGINEERING GROUP INC COM,JACOBS ENGINEERING GROUP INC,"17,758 M",Industrials,Professional Services,Research & Consulting Services
JBHT,J B HUNT TRANSPORT SERVICES IN COM,J B HUNT TRANSPORT SERVICES INC,"18,595 M",Industrials,Road & Rail,Trucking
JCI,JOHNSON CONTROLS INTL PLC COM,JOHNSON CONTROLS INTERNATIONAL PLC,"38,137 M",Industrials,Building Products,Building Products
JKHY,HENRY JACK & ASSOCIATES INC COM,"JACK HENRY & ASSOCIATES, INC.","13,612 M",Information Technology,IT Services,Data Processing & Outsourced Services
JNJ,JOHNSON & JOHNSON COM,JOHNSON & JOHNSON,"467,205 M",Health Care,Pharmaceuticals,Pharmaceuticals
JNPR,JUNIPER NETWORKS COM,JUNIPER NETWORKS INC,"9,967 M",Information Technology,Communications Equipment,Communications Equipment
JPM,JP MORGAN CHASE & CO COM,JPMORGAN CHASE & CO.,"383,638 M",Financials,Banks,Diversified Banks
K,KELLOGG COMPANY COM,KELLOGG COMPANY,"22,962 M",Consumer Staples,Food Products,Packaged Foods & Meats
KEY,KEYCORP COM,KEYCORP,"18,314 M",Financials,Banks,Regional Banks
KEYS,KEYSIGHT TECHNOLOGIES INC COM,KEYSIGHT TECHNOLOGIES INC,"26,355 M",Information Technology,"Electronic Equipment, Instruments & Components",Electronic Equipment & Instruments
KHC,KRAFT HEINZ CO COM,KRAFT HEINZ CO,"44,494 M",Consumer Staples,Food Products,Packaged Foods & Meats
KIM,KIMCO REALTY CORP COM USD0.01,KIMCO REALTY CORPORATION,"14,131 M",Real Estate,Equity Real Estate Investment Trusts (REITs),Retail REITs
KLAC,KLA CORPORATION COM,KLA CORP,"54,103 M",Information Technology,Semiconductors & Semiconductor Equipment,Semiconductor Equipment
KMB,KIMBERLY CLARK CORP COM,KIMBERLY-CLARK CORPORATION,"44,269 M",Consumer Staples,Household Products,Household Products
KMI,KINDER MORGAN INC COM,KINDER MORGAN INCORPORATED,"45,134 M",Energy,"Oil, Gas & Consumable Fuels",Oil & Gas Storage & Transportation
KMX,CARMAX INC COM,"CARMAX, INC.","15,399 M",Consumer Discretionary,Specialty Retail,Automotive Retail
KO,COCA-COLA CO COM,COCA-COLA CO,"273,804 M",Consumer Staples,Beverages,Soft Drinks
KR,KROGER CO COM,KROGER CO,"38,206 M",Consumer Staples,Food & Staples Retailing,Food Retail
L,LOEWS CORP COM,LOEWS CORPORATION,"15,936 M",Financials,Insurance,Property & Casualty Insurance
LDOS,LEIDOS HOLDINGS INC COM,LEIDOS HOLDINGS INC,"14,399 M",Industrials,Professional Services,Research & Consulting Services
LEN,LENNAR CORP COM CL A,LENNAR CORPORATION,"23,684 M",Consumer Discretionary,Household Durables,Homebuilding
LH,LABORATORY CORP AMER HLDGS COM,LABORATORY CORPORATION OF AMERICA HOLDINGS,"22,591 M",Health Care,Health Care Providers & Services,Health Care Services
LHX,L3 HARRIS TECHNOLOGIES INC COM,L3HARRIS TECHNOLOGIES INC,"46,516 M",Industrials,Aerospace & Defense,Aerospace & Defense
LIN,LINDE PLC COM,LINDE PLC,"167,189 M",Materials,Chemicals,Industrial Gases
LKQ,LKQ CORPORATION COM,LKQ CORPORATION,"14,416 M",Consumer Discretionary,Distributors,Distributors
LLY,ELI LILLY AND COMPANY COM,ELI LILLY AND COMPANY,"289,271 M",Health Care,Pharmaceuticals,Pharmaceuticals
LMT,LOCKHEED MARTIN CORP COM,LOCKHEED MARTIN CORPORATION,"118,258 M",Industrials,Aerospace & Defense,Aerospace & Defense
LNC,LINCOLN NATIONAL CORP COM,LINCOLN NATIONAL CORPORATION,"9,557 M",Financials,Insurance,Life & Health Insurance
LNT,ALLIANT ENERGY CORP COM,ALLIANT ENERGY CORPORATION,"15,656 M",Utilities,Electric Utilities,Electric Utilities
LOW,LOWE'S COMPANIES INC COM,LOWE'S COMPANIES INC.,"124,662 M",Consumer Discretionary,Specialty Retail,Home Improvement Retail
LRCX,LAM RESEARCH CORP COM,LAM RESEARCH CORPORATION,"71,367 M",Information Technology,Semiconductors & Semiconductor Equipment,Semiconductor Equipment
LUMN,LUMEN TECHNOLOGIES INC COM,LUMEN TECHNOLOGIES INC,"12,113 M",Communication Services,Diversified Telecommunication Services,Alternative Carriers
LUV,SOUTHWEST AIRLINES CO COM,SOUTHWEST AIRLINES CO.,"25,989 M",Industrials,Airlines,Airlines
LVS,LAS VEGAS SANDS CORP COM,LAS VEGAS SANDS CORP.,"26,667 M",Consumer Discretionary,"Hotels, Restaurants & Leisure",Casinos & Gaming
LW,LAMB WESTON HLDGS INC COM,LAMB WESTON HOLDINGS INC,"9,821 M",Consumer Staples,Food Products,Packaged Foods & Meats
LYB,LYONDELLBASELL INDUSTRIES N V COM,<empty>,"35,184 M",Materials,Chemicals,Commodity Chemicals
LYV,LIVE NATION ENTERTAINMENT INC COM,LIVE NATION ENTERTAINMENT INCORPORATION,"21,748 M",Communication Services,Entertainment,Movies & Entertainment
MA,MASTERCARD INCORPORATED COM CL A,"MASTERCARD, INC.","348,557 M",Information Technology,IT Services,Data Processing & Outsourced Services
MAA,MID-AMERICA APARTMENT COMMUNIT COM USD0.01,MID-AMERICA APARTMENT COMMUNITIES,"20,560 M",Real Estate,Equity Real Estate Investment Trusts (REITs),Residential REITs
MAR,MARRIOTT INTERNATIONAL INC COM CL A,"MARRIOTT INTERNATIONAL, INC.","56,613 M",Consumer Discretionary,"Hotels, Restaurants & Leisure","Hotels, Resorts & Cruise Lines"
MAS,MASCO CORP COM,MASCO CORPORATION,"13,437 M",Industrials,Building Products,Building Products
MCD,MCDONALD'S CORPORATION COM,MCDONALD'S CORP,"184,354 M",Consumer Discretionary,"Hotels, Restaurants & Leisure",Restaurants
MCHP,MICROCHIP TECHNOLOGY COM,MICROCHIP TECHNOLOGY INCORPORATION,"39,808 M",Information Technology,Semiconductors & Semiconductor Equipment,Semiconductors
MCK,MCKESSON CORPORATION COM,MCKESSON CORPORATION,"46,305 M",Health Care,Health Care Providers & Services,Health Care Distributors
MCO,MOODYS CORP COM,MOODY'S CORPORATION,"52,313 M",Financials,Capital Markets,Financial Exchanges & Data
MDLZ,MONDELEZ INTL INC COM CL A,MONDELEZ INTERNATIONAL INCORPORATED,"86,391 M",Consumer Staples,Food Products,Packaged Foods & Meats
MDT,MEDTRONIC PLC COM,MEDTRONIC PLC,"129,295 M",Health Care,Health Care Equipment & Supplies,Health Care Equipment
MET,METLIFE INC COM,"METLIFE, INC.","54,029 M",Financials,Insurance,Life & Health Insurance
MGM,MGM RESORTS INTERNATIONAL COM,MGM RESORTS INTERNATIONAL,"14,788 M",Consumer Discretionary,"Hotels, Restaurants & Leisure",Casinos & Gaming
MHK,MOHAWK INDUSTRIES COM,"MOHAWK INDUSTRIES, INC.","8,875 M",Consumer Discretionary,Household Durables,Home Furnishings
MKC,MCCORMICK & COMPANY INC COM,"MCCORMICK & COMPANY, INCORPORATED","24,022 M",Consumer Staples,Food Products,Packaged Foods & Meats
MKTX,MARKETAXESS HLDGS INC COM,MARKETAXESS HOLDINGS INC.,"10,678 M",Financials,Capital Markets,Financial Exchanges & Data
MLM,MARTIN MARIETTA MATERIALS INC COM,"MARTIN MARIETTA MATERIALS, INC.","21,687 M",Materials,Construction Materials,Construction Materials
MMC,MARSH & MCLENNAN COMPANIES INC COM,"MARSH & MCLENNAN COMPANIES, INC.","78,198 M",Financials,Insurance,Insurance Brokers
MMM,3M COMPANY COM,3M COMPANY,"83,219 M",Industrials,Industrial Conglomerates,Industrial Conglomerates
MNST,MONSTER BEVERAGE CORP COM,MONSTER BEVERAGE CORP,"47,157 M",Consumer Staples,Beverages,Soft Drinks
MO,ALTRIA GROUP INC COM,"ALTRIA GROUP, INC.","97,489 M",Consumer Staples,Tobacco,Tobacco
MOH,MOLINA HEALTHCARE INC COM,"MOLINA HEALTHCARE, INC.","16,791 M",Health Care,Health Care Providers & Services,Managed Health Care
MOS,MOSAIC CO COM,MOSAIC CO,"21,662 M",Materials,Chemicals,Fertilizers & Agricultural Chemicals
MPC,MARATHON PETROLEUM CORP COM,MARATHON PETROLEUM CORP,"57,232 M",Energy,"Oil, Gas & Consumable Fuels",Oil & Gas Refining & Marketing
MPWR,MONOLITHIC POWER SYSTEM INC COM,"MONOLITHIC POWER SYSTEMS, INC.","21,339 M",Information Technology,Semiconductors & Semiconductor Equipment,Semiconductors
MRK,MERCK & CO INC COM,"MERCK & CO. , INC.","228,376 M",Health Care,Pharmaceuticals,Pharmaceuticals
MRNA,MODERNA INC COM,MODERNA INC,"56,509 M",Health Care,Biotechnology,Biotechnology
MRO,MARATHON OIL CORPORATION COM,MARATHON OIL CORPORATION,"22,377 M",Energy,"Oil, Gas & Consumable Fuels",Oil & Gas Exploration & Production
MS,MORGAN STANLEY COM,MORGAN STANLEY,"147,194 M",Financials,Capital Markets,Investment Banking & Brokerage
MSCI,MSCI INC COM,MSCI INC.,"35,615 M",Financials,Capital Markets,Financial Exchanges & Data
MSFT,MICROSOFT CORP COM,MICROSOFT CORPORATION,"2,031,605 M",Information Technology,Software,Systems Software
MSI,MOTOROLA SOLUTIONS INC COM,MOTOROLA SOLUTIONS INCORPORATION,"37,335 M",Information Technology,Communications Equipment,Communications Equipment
MTB,M & T BANK CORP COM,M&T BANK CORPORATION,"32,057 M",Financials,Banks,Regional Banks
MTCH,MATCH GROUP INC COM,MATCH GROUP INC,"23,590 M",Communication Services,Interactive Media & Services,Interactive Media & Services
MTD,METTLER-TOLEDO INTL INC COM,METTLER-TOLEDO INTERNATIONAL INC.,"29,550 M",Health Care,Life Sciences Tools & Services,Life Sciences Tools & Services
MU,MICRON TECHNOLOGY INC COM,"MICRON TECHNOLOGY, INC.","78,323 M",Information Technology,Semiconductors & Semiconductor Equipment,Semiconductors
NCLH,NORWEGIAN CRUISE LINE HLDGS LT COM,NORWEGIAN CRUISE LINE HOLDINGS LTD,"6,557 M",Consumer Discretionary,"Hotels, Restaurants & Leisure","Hotels, Resorts & Cruise Lines"
NDAQ,NASDAQ INC COM,NASDAQ INC,"25,252 M",Financials,Capital Markets,Financial Exchanges & Data
NDSN,NORDSON CORP COM,NORDSON CORPORATION,"12,691 M",Industrials,Machinery,Industrial Machinery
NEE,NEXTERA ENERGY INC COM,NEXTERA ENERGY INC,"153,899 M",Utilities,Electric Utilities,Electric Utilities
NEM,NEWMONT CORPORATION COM,NEWMONT CORPORATION,"54,500 M",Materials,Metals & Mining,Gold
NFLX,NETFLIX INC COM,NETFLIX INC,"89,114 M",Communication Services,Entertainment,Movies & Entertainment
NI,NISOURCE INC COM,NISOURCE INC.,"12,722 M",Utilities,Multi-Utilities,Multi-Utilities
NKE,NIKE INC COM CL B,NIKE INC.,"191,142 M",Consumer Discretionary,"Textiles, Apparel & Luxury Goods",Footwear
NLOK,NORTONLIFELOCK INC COM,NORTONLIFELOCK INC,"14,183 M",Information Technology,Software,Systems Software
NLSN,NIELSEN HLDGS PLC COM,NIELSEN HOLDINGS PLC,"9,170 M",Industrials,Professional Services,Research & Consulting Services
NOC,NORTHROP GRUMMAN CORP COM,NORTHROP GRUMMAN CORPORATION,"73,599 M",Industrials,Aerospace & Defense,Aerospace & Defense
NOW,SERVICENOW INC COM,SERVICENOW INC,"100,304 M",Information Technology,Software,Systems Software
NRG,NRG ENERGY INC COM,"NRG ENERGY, INC.","10,844 M",Utilities,Electric Utilities,Electric Utilities
NSC,NORFOLK SOUTHERN CORP COM,NORFOLK SOUTHERN CORPORATION,"58,723 M",Industrials,Road & Rail,Railroads
NTAP,NETAPP INC COM,NETAPP INCORPORATION,"16,154 M",Information Technology,"Technology Hardware, Storage & Peripherals","Technology Hardware, Storage & Peripherals"
NTRS,NORTHERN TRUST CORP COM,NORTHERN TRUST CORPORATION,"23,043 M",Financials,Capital Markets,Asset Management & Custody Banks
NUE,NUCOR CORP COM,NUCOR CORPORATION,"34,538 M",Materials,Metals & Mining,Steel
NVDA,NVIDIA CORP COM,NVIDIA CORPORATION,"476,629 M",Information Technology,Semiconductors & Semiconductor Equipment,Semiconductors
NVR,NVR INC COM,NVR INC.,"14,632 M",Consumer Discretionary,Household Durables,Homebuilding
NWL,NEWELL BRANDS INC COM,NEWELL BRANDS INC,"8,874 M",Consumer Discretionary,Household Durables,Housewares & Specialties
NWS,NEWS CORP NEW COM CL B,NEWS CORP,"10,280 M",Communication Services,Media,Publishing
NWSA,NEWS CORP NEW COM CL A,NEWS CORP,"10,127 M",Communication Services,Media,Publishing
NXPI,NXP SEMICONDUCTORS N V COM,<empty>,"48,013 M",Information Technology,Semiconductors & Semiconductor Equipment,Semiconductors
O,REALTY INCOME CORP COM,REALTY INCOME CORPORATION,"40,722 M",Real Estate,Equity Real Estate Investment Trusts (REITs),Retail REITs
ODFL,OLD DOMINION FREIGHT LINE INC COM,"OLD DOMINION FREIGHT LINE, INC.","30,381 M",Industrials,Road & Rail,Trucking
OGN,ORGANON & CO COM,ORGANON & CO,"9,451 M",Health Care,Pharmaceuticals,Pharmaceuticals
OKE,ONEOK INC COM,ONEOK INC,"30,057 M",Energy,"Oil, Gas & Consumable Fuels",Oil & Gas Storage & Transportation
OMC,OMNICOM GROUP INC COM,OMNICOM GROUP INCORPORATED,"14,881 M",Communication Services,Media,Advertising
ORCL,ORACLE CORP COM,ORACLE CORPORATION,"192,001 M",Information Technology,Software,Systems Software
ORLY,OREILLY AUTOMOTIVE INC NEW COM,"O'REILLY AUTOMOTIVE, INC.","41,507 M",Consumer Discretionary,Specialty Retail,Automotive Retail
OTIS,OTIS WORLDWIDE CORP COM,OTIS WORLDWIDE CORP,"31,549 M",Industrials,Machinery,Industrial Machinery
OXY,OCCIDENTAL PETROLEUM CORP COM,OCCIDENTAL PETROLEUM CORPORATION,"66,321 M",Energy,"Oil, Gas & Consumable Fuels",Integrated Oil & Gas
PARA,PARAMOUNT GLOBAL COM,PARAMOUNT GLOBAL,"20,099 M",Communication Services,Media,Broadcasting
PAYC,PAYCOM SOFTWARE INC COM,PAYCOM SOFTWARE INC,"18,034 M",Information Technology,Software,Application Software
PAYX,PAYCHEX INC COM,"PAYCHEX, INC.","45,371 M",Information Technology,IT Services,Data Processing & Outsourced Services
PCAR,PACCAR INC COM,PACCAR INC,"30,626 M",Industrials,Machinery,Construction Machinery & Heavy Trucks
PEAK,HEALTHPEAK PROPERTIES INC COM USD1,HEALTHPEAK PROPERTIES INC,"15,604 M",Real Estate,Equity Real Estate Investment Trusts (REITs),Health Care REITs
PEG,PUBLIC SERVICE ENTERPRISE GRP COM,PUBLIC SERVICE ENTERPRISE GROUP INC.,"34,144 M",Utilities,Multi-Utilities,Multi-Utilities
PENN,PENN NATIONAL GAMING INC COM,"PENN NATIONAL GAMING, INC.","5,536 M",Consumer Discretionary,"Hotels, Restaurants & Leisure",Casinos & Gaming
PEP,PEPSICO INC COM,PEPSICO INC.,"228,972 M",Consumer Staples,Beverages,Soft Drinks
PFE,PFIZER INC COM,PFIZER INC.,"298,387 M",Health Care,Pharmaceuticals,Pharmaceuticals
PFG,PRINCIPAL FINANCIAL GROUP COM,"PRINCIPAL FINANCIAL GROUP, INCORPORATED","17,971 M",Financials,Insurance,Life & Health Insurance
PG,PROCTER & GAMBLE CO COM,PROCTER & GAMBLE CO,"348,927 M",Consumer Staples,Household Products,Household Products
PGR,PROGRESSIVE CORP (OHIO) COM,PROGRESSIVE CORP,"69,571 M",Financials,Insurance,Property & Casualty Insurance
PH,PARKER-HANNIFIN CORP COM,PARKER-HANNIFIN CORP,"35,638 M",Industrials,Machinery,Industrial Machinery
PHM,PULTE GROUP INC COM,"PULTEGROUP, INCORPORATION","10,798 M",Consumer Discretionary,Household Durables,Homebuilding
PKG,PACKAGING CORP OF AMERICA COM,PACKAGING CORPORATION OF AMERICA,"14,869 M",Materials,Containers & Packaging,Paper Packaging
PKI,PERKINELMER INC COM,PERKINELMER INCORPORATED,"18,690 M",Health Care,Life Sciences Tools & Services,Life Sciences Tools & Services
PLD,PROLOGIS INC COM USD0.01,PROLOGIS INC,"94,354 M",Real Estate,Equity Real Estate Investment Trusts (REITs),Industrial REITs
PM,PHILIP MORRIS INTL INC COM,PHILIP MORRIS INTERNATIONAL INCORPORATION,"164,498 M",Consumer Staples,Tobacco,Tobacco
PNC,PNC FINANCIAL SERVICES GROUP COM,PNC FINANCIAL SERVICES GROUP INCORPORATED,"72,079 M",Financials,Banks,Regional Banks
PNR,PENTAIR PLC COM,PENTAIR PLC,"8,424 M",Industrials,Machinery,Industrial Machinery
PNW,PINNACLE WEST CAPITAL CORP COM,PINNACLE WEST CAPITAL CORPORATION,"8,777 M",Utilities,Electric Utilities,Electric Utilities
POOL,POOL CORPORATION COM,POOL CORPORATION,"16,509 M",Consumer Discretionary,Distributors,Distributors
PPG,PPG INDUSTRIES INC COM,"PPG INDUSTRIES, INC.","30,072 M",Materials,Chemicals,Specialty Chemicals
PPL,PPL CORP COM,PPL CORP,"21,985 M",Utilities,Electric Utilities,Electric Utilities
PRU,PRUDENTIAL FINANCIAL INC COM,"PRUDENTIAL FINANCIAL, INCORPORATED","39,169 M",Financials,Insurance,Life & Health Insurance
PSA,PUBLIC STORAGE COM USD0.10,PUBLIC STORAGE INCORPORATED,"58,139 M",Real Estate,Equity Real Estate Investment Trusts (REITs),Specialized REITs
PSX,PHILLIPS 66 COM,PHILLIPS 66,"50,222 M",Energy,"Oil, Gas & Consumable Fuels",Oil & Gas Refining & Marketing
PTC,PTC INC COM,PTC INC,"13,786 M",Information Technology,Software,Application Software
PVH,PVH CORPORATION COM,PVH CORPORATION,"4,821 M",Consumer Discretionary,"Textiles, Apparel & Luxury Goods","Apparel, Accessories & Luxury Goods"
PWR,QUANTA SERVICES COM,QUANTA SERVICES INCORPORATED,"18,076 M",Industrials,Construction & Engineering,Construction & Engineering
PXD,PIONEER NATURAL RESOURCES CO COM,PIONEER NATURAL RESOURCES COMPANY,"67,269 M",Energy,"Oil, Gas & Consumable Fuels",Oil & Gas Exploration & Production
PYPL,PAYPAL HOLDINGS INC COM,PAYPAL HOLDINGS INC,"100,784 M",Information Technology,IT Services,Data Processing & Outsourced Services
QCOM,QUALCOMM INC COM,QUALCOMM INCORPORATED,"159,410 M",Information Technology,Semiconductors & Semiconductor Equipment,Semiconductors
QRVO,QORVO INC COM,QORVO INC,"11,721 M",Information Technology,Semiconductors & Semiconductor Equipment,Semiconductors
RCL,ROYAL CARIBBEAN GROUP COM,ROYAL CARIBBEAN CRUISES LTD.,"14,354 M",Consumer Discretionary,"Hotels, Restaurants & Leisure","Hotels, Resorts & Cruise Lines"
RE,EVEREST RE GROUP COM,"EVEREST RE GROUP, LTD.","11,017 M",Financials,Insurance,Reinsurance
REG,REGENCY CENTERS CORP COM USD0.01,REGENCY CENTERS CORPORATION,"11,474 M",Real Estate,Equity Real Estate Investment Trusts (REITs),Retail REITs
REGN,REGENERON PHARMACEUTICALS INC COM,REGENERON PHARMACEUTICALS INCORPORATED,"69,426 M",Health Care,Biotechnology,Biotechnology
RF,REGIONS FINANCIAL CORP COM,REGIONS FINANCIAL CORP,"20,409 M",Financials,Banks,Regional Banks
RHI,ROBERT HALF INTERNATIONAL INC COM,ROBERT HALF INTERNATIONAL INC,"9,930 M",Industrials,Professional Services,Human Resource & Employment Services
RJF,RAYMOND JAMES FINANCIAL INC COM,"RAYMOND JAMES FINANCIAL, INC.","21,031 M",Financials,Capital Markets,Investment Banking & Brokerage
RL,RALPH LAUREN CORP COM CL A,RALPH LAUREN CORPORATION,"7,278 M",Consumer Discretionary,"Textiles, Apparel & Luxury Goods","Apparel, Accessories & Luxury Goods"
RMD,RESMED INC COM,RESMED INC.,"30,609 M",Health Care,Health Care Equipment & Supplies,Health Care Equipment
ROK,ROCKWELL AUTOMATION INC COM,"ROCKWELL AUTOMATION, INC.","25,267 M",Industrials,Electrical Equipment,Electrical Components & Equipment
ROL,ROLLINS INC COM,"ROLLINS, INC.","17,128 M",Industrials,Commercial Services & Supplies,Environmental & Facilities Services
ROP,ROPER TECHNOLOGIES INC COM,ROPER TECHNOLOGIES INC,"45,957 M",Information Technology,Software,Application Software
ROST,ROSS STORES INC COM,ROSS STORES INCORPORATED,"29,390 M",Consumer Discretionary,Specialty Retail,Apparel Retail
RSG,REPUBLIC SERVICES INC COM,"REPUBLIC SERVICES, INC.","42,358 M",Industrials,Commercial Services & Supplies,Environmental & Facilities Services
RTX,RAYTHEON TECH CORP COM,RAYTHEON TECHNOLOGIES CORP,"142,743 M",Industrials,Aerospace & Defense,Aerospace & Defense
SBAC,SBA COMMUNICATIONS CORP COM USD0.01 CL A,SBA COMMUNICATIONS CORPORATION,"35,815 M",Real Estate,Equity Real Estate Investment Trusts (REITs),Specialized REITs
SBNY,SIGNATURE BANK COM,SIGNATURE BANK,"13,674 M",Financials,Banks,Regional Banks
SBUX,STARBUCKS CORP COM,STARBUCKS CORPORATION,"91,442 M",Consumer Discretionary,"Hotels, Restaurants & Leisure",Restaurants
SCHW,SCHWAB (CHARLES) CORP COM,CHARLES SCHWAB CORP,"133,901 M",Financials,Capital Markets,Investment Banking & Brokerage
SEDG,SOLAREDGE TECHNOLOGIES INC COM,SOLAREDGE TECHNOLOGIES INC,"16,775 M",Information Technology,Semiconductors & Semiconductor Equipment,Semiconductor Equipment
SEE,SEALED AIR CORP COM,SEALED AIR CORPORATION,"9,189 M",Materials,Containers & Packaging,Paper Packaging
SHW,SHERWIN-WILLIAMS CO COM,SHERWIN-WILLIAMS CO,"70,761 M",Materials,Chemicals,Specialty Chemicals
SIVB,SVB FINANCIAL GROUP COM,SVB FINANCIAL GROUP,"28,243 M",Financials,Banks,Regional Banks
SJM,SMUCKER (JM) CO COM,J M SMUCKER CO,"13,287 M",Consumer Staples,Food Products,Packaged Foods & Meats
SLB,SCHLUMBERGER LIMITED COM,SCHLUMBERGER NV,"66,787 M",Energy,Energy Equipment & Services,Oil & Gas Equipment & Services
SNA,SNAP-ON INC COM,SNAP-ON INCORPORATED,"11,691 M",Industrials,Machinery,Industrial Machinery
SNPS,SYNOPSYS INC COM,"SYNOPSYS, INC.","49,867 M",Information Technology,Software,Application Software
SO,SOUTHERN CO COM,SOUTHERN CO,"80,221 M",Utilities,Electric Utilities,Electric Utilities
SPG,SIMON PROPERTY GROUP INC COM USD0.0001,"SIMON PROPERTY GROUP, INC.","36,138 M",Real Estate,Equity Real Estate Investment Trusts (REITs),Retail REITs
SPGI,S&P GLOBAL INC COM,S&P GLOBAL INC,"113,044 M",Financials,Capital Markets,Financial Exchanges & Data
SRE,SEMPRA COM,SEMPRA ENERGY,"50,766 M",Utilities,Multi-Utilities,Multi-Utilities
STE,STERIS PLC COM,STERIS PLC,"22,536 M",Health Care,Health Care Equipment & Supplies,Health Care Equipment
STT,STATE STREET CORPORATION COM,STATE STREET CORP,"26,278 M",Financials,Capital Markets,Asset Management & Custody Banks
STX,SEAGATE TECHONOLOGY HLDG COM,SEAGATE TECHNOLOGY HOLDINGS PLC,"17,710 M",Information Technology,"Technology Hardware, Storage & Peripherals","Technology Hardware, Storage & Peripherals"
STZ,CONSTELLATION BRANDS INC COM CL A,"CONSTELLATION BRANDS, INC.","45,490 M",Consumer Staples,Beverages,Distillers & Vintners
SWK,STANLEY BLACK & DECKER INC COM,STANLEY BLACK & DECKER INCORPORATED,"17,366 M",Industrials,Machinery,Industrial Machinery
SWKS,SKYWORKS SOLUTIONS INC COM,"SKYWORKS SOLUTIONS, INC.","17,350 M",Information Technology,Semiconductors & Semiconductor Equipment,Semiconductors
SYF,SYNCHRONY FINANCIAL COM,SYNCHRONY FINANCIAL,"17,790 M",Financials,Consumer Finance,Consumer Finance
SYK,STRYKER CORP COM,STRYKER CORPORATION,"87,197 M",Health Care,Health Care Equipment & Supplies,Health Care Equipment
SYY,SYSCO CORP COM,SYSCO CORPORATION,"42,689 M",Consumer Staples,Food & Staples Retailing,Food Distributors
T,AT&T INC COM,AT&T INC.,"149,874 M",Communication Services,Diversified Telecommunication Services,Integrated Telecommunication Services
TAP,MOLSON COORS BEVERAGE COMPANY COM CL B,MOLSON COORS BEVERAGE CO,"11,680 M",Consumer Staples,Beverages,Brewers
TDG,TRANSDIGM GROUP INC COM,TRANSDIGM GROUP INCORPORATED,"33,446 M",Industrials,Aerospace & Defense,Aerospace & Defense
TDY,TELEDYNE TECHNOLOGIES INC COM,TELEDYNE TECHNOLOGIES INCORPORATED,"19,388 M",Information Technology,"Electronic Equipment, Instruments & Components",Electronic Equipment & Instruments
TECH,BIO-TECHNE CORP COM,BIO-TECHNE CORP,"14,469 M",Health Care,Life Sciences Tools & Services,Life Sciences Tools & Services
TEL,TE CONNECTIVITY LTD COM,TE CONNECTIVITY LTD,"41,876 M",Information Technology,"Electronic Equipment, Instruments & Components",Electronic Manufacturing Services
TER,TERADYNE INC COM,"TERADYNE, INC.","17,300 M",Information Technology,Semiconductors & Semiconductor Equipment,Semiconductor Equipment
TFC,TRUIST FINANCIAL CORPORATION COM,TRUIST FINANCIAL CORP,"65,705 M",Financials,Banks,Regional Banks
TFX,TELEFLEX INC COM,TELEFLEX INCORPORATED,"13,500 M",Health Care,Health Care Equipment & Supplies,Health Care Equipment
TGT,TARGET CORP COM,TARGET CORPORATION,"74,488 M",Consumer Discretionary,Multiline Retail,General Merchandise Stores
TJX,TJX COS INC COM,TJX COMPANIES INC,"73,637 M",Consumer Discretionary,Specialty Retail,Apparel Retail
TMO,THERMO FISHER SCIENTIFIC INC COM,THERMO FISHER SCIENTIFIC INC.,"218,786 M",Health Care,Life Sciences Tools & Services,Life Sciences Tools & Services
TMUS,T-MOBILE US INC COM,T-MOBILE US INC,"170,350 M",Communication Services,Wireless Telecommunication Services,Wireless Telecommunication Services
TPR,TAPESTRY INC COM,TAPESTRY INC,"8,803 M",Consumer Discretionary,"Textiles, Apparel & Luxury Goods","Apparel, Accessories & Luxury Goods"
TRMB,TRIMBLE INC COM,TRIMBLE INC,"17,122 M",Information Technology,"Electronic Equipment, Instruments & Components",Electronic Equipment & Instruments
TROW,PRICE T ROWE GROUPS COM,T ROWE PRICE GROUP INC,"28,426 M",Financials,Capital Markets,Asset Management & Custody Banks
TRV,TRAVELERS COMPANIES INC COM,TRAVELERS COMPANIES INC,"42,238 M",Financials,Insurance,Property & Casualty Insurance
TSCO,TRACTOR SUPPLY CO COM,TRACTOR SUPPLY CO,"21,729 M",Consumer Discretionary,Specialty Retail,Specialty Stores
TSLA,TESLA INC COM,TESLA INC,"746,165 M",Consumer Discretionary,Automobiles,Automobile Manufacturers
TSN,TYSON FOODS INC COM CL A,"TYSON FOODS, INC.","31,740 M",Consumer Staples,Food Products,Packaged Foods & Meats
TT,TRANE TECHNOLOGIES PLC COM,<empty>,"32,355 M",Industrials,Building Products,Building Products
TTWO,TAKE-TWO INTERACTIVE SOFTWARE COM,TAKE-TWO INTERACTIVE SOFTWARE INC,"20,807 M",Communication Services,Entertainment,Interactive Home Entertainment
TWTR,TWITTER INC COM,TWITTER INC,"30,972 M",Communication Services,Interactive Media & Services,Interactive Media & Services
TXN,TEXAS INSTRUMENTS INC COM,TEXAS INSTRUMENTS INCORPORATED,"160,852 M",Information Technology,Semiconductors & Semiconductor Equipment,Semiconductors
TXT,TEXTRON INC COM,TEXTRON INC.,"14,225 M",Industrials,Aerospace & Defense,Aerospace & Defense
TYL,TYLER TECHNOLOGIES INC COM,"TYLER TECHNOLOGIES, INC.","14,811 M",Information Technology,Software,Application Software
UA,UNDER ARMOUR INC COM CL C,"UNDER ARMOUR, INC.","4,667 M",Consumer Discretionary,"Textiles, Apparel & Luxury Goods","Apparel, Accessories & Luxury Goods"
UAA,UNDER ARMOUR INC COM CL A,"UNDER ARMOUR, INC.","5,085 M",Consumer Discretionary,"Textiles, Apparel & Luxury Goods","Apparel, Accessories & Luxury Goods"
UAL,UNITED AIRLINES HOLDINGS COM,UNITED AIRLINES HOLDINGS INC,"14,507 M",Industrials,Airlines,Airlines
UDR,UDR INC COM USD0.01,UDR INCORPORATION,"15,130 M",Real Estate,Equity Real Estate Investment Trusts (REITs),Residential REITs
UHS,UNIVERSAL HEALTH SERVICES INC COM CL B,"UNIVERSAL HEALTH SERVICES, INC.","9,039 M",Health Care,Health Care Providers & Services,Health Care Facilities
ULTA,ULTA BEAUTY INC COM,ULTA BEAUTY INC,"20,922 M",Consumer Discretionary,Specialty Retail,Specialty Stores
UNH,UNITEDHEALTH GROUP INC COM,UNITEDHEALTH GROUP INCORPORATED,"458,475 M",Health Care,Health Care Providers & Services,Managed Health Care
UNP,UNION PACIFIC CORP COM,UNION PACIFIC CORPORATION,"141,042 M",Industrials,Road & Rail,Railroads
UPS,UNITED PARCEL SERVICE INC COM CL B,"UNITED PARCEL SERVICE, INC.","161,166 M",Industrials,Air Freight & Logistics,Air Freight & Logistics
URI,UNITED RENTALS INC COM,"UNITED RENTALS, INC.","21,438 M",Industrials,Trading Companies & Distributors,Trading Companies & Distributors
USB,US BANCORP COM,US BANCORP,"77,117 M",Financials,Banks,Diversified Banks
V,VISA INC COM CL A,VISA INCORPORATION,"449,363 M",Information Technology,IT Services,Data Processing & Outsourced Services
VFC,V F CORP COM,VF CORP,"19,700 M",Consumer Discretionary,"Textiles, Apparel & Luxury Goods","Apparel, Accessories & Luxury Goods"
VLO,VALERO ENERGY CORP COM,VALERO ENERGY CORPORATION,"55,419 M",Energy,"Oil, Gas & Consumable Fuels",Oil & Gas Refining & Marketing
VMC,VULCAN MATERIALS CO COM,VULCAN MATERIALS COMPANY,"22,193 M",Materials,Construction Materials,Construction Materials
VNO,VORNADO REALTY TRUST COM SHS OF BEN INT USD0.04,VORNADO REALTY TRUST,"6,381 M",Real Estate,Equity Real Estate Investment Trusts (REITs),Office REITs
VRSK,VERISK ANALYTICS INC COM,VERISK ANALYTICS INCORPORATION,"27,219 M",Industrials,Professional Services,Research & Consulting Services
VRSN,VERISIGN COM,VERISIGN INCORPORATED,"19,503 M",Information Technology,IT Services,Internet Services & Infrastructure
VRTX,VERTEX PHARMACEUTICAL COM,VERTEX PHARMACEUTICALS INC,"69,466 M",Health Care,Biotechnology,Biotechnology
VTR,VENTAS INC COM USD0.25,VENTAS INCORPORATED,"22,461 M",Real Estate,Equity Real Estate Investment Trusts (REITs),Health Care REITs
VTRS,VIATRIS INC COM,VIATRIS INC,"14,530 M",Health Care,Pharmaceuticals,Pharmaceuticals
VZ,VERIZON COMMUNICATIONS COM,VERIZON COMMUNICATIONS,"214,686 M",Communication Services,Diversified Telecommunication Services,Integrated Telecommunication Services
WAB,WABTEC CORP COM,WESTINGHOUSE AIR BRAKE TECHNOLOGIES CORP,"17,220 M",Industrials,Machinery,Construction Machinery & Heavy Trucks
WAT,WATERS CORP COM,WATERS CORPORATION,"19,866 M",Health Care,Life Sciences Tools & Services,Life Sciences Tools & Services
WBA,WALGREENS BOOTS ALLIANCE INC COM,WALGREENS BOOTS ALLIANCE INC,"37,354 M",Consumer Staples,Food & Staples Retailing,Drug Retail
WBD,WARNER BROS DISCOVERY INC COM,WARNER BROS DISCOVERY INC,"42,785 M",Communication Services,Entertainment,Movies & Entertainment
WDC,WESTERN DIGITAL CORP COM,WESTERN DIGITAL CORPORATION,"18,922 M",Information Technology,"Technology Hardware, Storage & Peripherals","Technology Hardware, Storage & Peripherals"
WEC,WEC ENERGY GROUP INC COM,WEC ENERGY GROUP INC,"32,919 M",Utilities,Multi-Utilities,Multi-Utilities
WELL,WELLTOWER OP INC COM USD1,WELLTOWER INC,"40,017 M",Real Estate,Equity Real Estate Investment Trusts (REITs),Health Care REITs
WFC,WELLS FARGO & COMPANY COM,WELLS FARGO & COMPANY,"169,277 M",Financials,Banks,Diversified Banks
WHR,WHIRLPOOL CORP COM,WHIRLPOOL CORPORATION,"10,030 M",Consumer Discretionary,Household Durables,Household Appliances
WM,WASTE MANAGEMENT INC COM,"WASTE MANAGEMENT, INC.","65,540 M",Industrials,Commercial Services & Supplies,Environmental & Facilities Services
WMB,WILLIAMS COMPANIES INC COM,WILLIAMS COMPANIES INC,"45,931 M",Energy,"Oil, Gas & Consumable Fuels",Oil & Gas Storage & Transportation
WMT,WALMART INC COM,WALMART INC,"348,282 M",Consumer Staples,Food & Staples Retailing,Hypermarkets & Super Centers
WRB,BERKLEY (WR) CORP COM,W R BERKLEY CORP,"18,749 M",Financials,Insurance,Property & Casualty Insurance
WRK,WESTROCK CO COM,WESTROCK CO,"12,518 M",Materials,Containers & Packaging,Paper Packaging
WST,WEST PHARMA SERVICES INC COM,"WEST PHARMACEUTICAL SERVICES, INC.","23,082 M",Health Care,Life Sciences Tools & Services,Life Sciences Tools & Services
WTW,WILLIS TOWERS WATSON PLC COM,WILLIS TOWERS WATSON PLC,"23,347 M",Financials,Insurance,Insurance Brokers
WY,WEYERHAEUSER COMPANY COM USD1.25,WEYERHAEUSER CO,"28,667 M",Real Estate,Equity Real Estate Investment Trusts (REITs),Specialized REITs
WYNN,WYNN RESORTS LTD COM,"WYNN RESORTS, LIMITED","7,604 M",Consumer Discretionary,"Hotels, Restaurants & Leisure",Casinos & Gaming
XEL,XCEL ENERGY INC COM,XCEL ENERGY INC.,"40,996 M",Utilities,Electric Utilities,Electric Utilities
XOM,EXXON MOBIL CORPORATION COM,EXXON MOBIL CORP,"419,172 M",Energy,"Oil, Gas & Consumable Fuels",Integrated Oil & Gas
XRAY,DENTSPLY SIRONA INC COM,DENTSPLY SIRONA INC,"8,810 M",Health Care,Health Care Equipment & Supplies,Health Care Supplies
XYL,XYLEM INC COM,XYLEM INC,"15,384 M",Industrials,Machinery,Industrial Machinery
YUM,YUM BRANDS INC COM,"YUM! BRANDS, INC.","34,108 M",Consumer Discretionary,"Hotels, Restaurants & Leisure",Restaurants
ZBH,ZIMMER BIOMET HOLDINGS INC COM,ZIMMER BIOMET HOLDINGS INC,"25,254 M",Health Care,Health Care Equipment & Supplies,Health Care Equipment
ZBRA,ZEBRA TECHNOLOGIES COM CL A,ZEBRA TECHNOLOGIES CORPORATION,"17,776 M",Information Technology,"Electronic Equipment, Instruments & Components",Electronic Equipment & Instruments
ZION,ZIONS BANCORPORATION N A COM,ZIONS BANCORP,"8,534 M",Financials,Banks,Regional Banks
ZTS,ZOETIS INC COM CL A,ZOETIS INC,"79,795 M",Health Care,Pharmaceuticals,Pharmaceuticals
