Watchlist 'S&P 400'

S&P 400
Symbol,Description,Company Name,Market Cap,Sector,Industry,Sub-Industry
ACC,AMER CAMPUS COMMUNITIES INC COM USD0.01,"AMERICAN CAMPUS COMMUNITIES, INC.","9,086 M",Real Estate,Equity Real Estate Investment Trusts (REITs),Residential REITs
ACHC,ACADIA HEALTHCARE COM,ACADIA HEALTHCARE COMPANY INC,"6,426 M",Health Care,Health Care Providers & Services,Health Care Facilities
ACIW,ACI WORLDWIDE INC COM,ACI WORLDWIDE INCORPORATION,"3,172 M",Information Technology,Software,Application Software
ACM,AECOM COM,AECOM,"9,839 M",Industrials,Construction & Engineering,Construction & Engineering
ADNT,ADIENT PLC COM,ADIENT PLC,"3,419 M",Consumer Discretionary,Auto Components,Auto Parts & Equipment
ADS,ALLIANCE DATA SYSTEM COM,<empty>,"2,837 M",Information Technology,IT Services,Data Processing & Outsourced Services
AEO,AMERICAN EAGLE OUTFITTERS INC COM,AMERICAN EAGLE OUTFITTERS INCORPORATED,"2,099 M",Consumer Discretionary,Specialty Retail,Apparel Retail
AFG,AMERICAN FINANCIAL GROUP INC COM,"AMERICAN FINANCIAL GROUP, INC.","11,871 M",Financials,Insurance,Property & Casualty Insurance
AGCO,AGCO CORP COM,AGCO CORPORATION,"9,706 M",Industrials,Machinery,Agricultural & Farm Machinery
AIRC,APARTMENT INCOME REIT CORP COM USD0.01,APARTMENT INCOME REIT CORP,"6,900 M",Real Estate,Equity Real Estate Investment Trusts (REITs),Residential REITs
ALE,ALLETE INC COM,"ALLETE, INC.","3,519 M",Utilities,Electric Utilities,Electric Utilities
AM,ANTERO MIDSTREAM CORPORATION COM,ANTERO MIDSTREAM CORP,"5,260 M",Energy,"Oil, Gas & Consumable Fuels",Oil & Gas Storage & Transportation
AMED,AMEDISYS INC COM,"AMEDISYS, INC.","3,744 M",Health Care,Health Care Providers & Services,Health Care Services
AMG,AFFILIATED MANAGERS GROUP COM,"AFFILIATED MANAGERS GROUP, INC.","5,139 M",Financials,Capital Markets,Asset Management & Custody Banks
AMKR,AMKOR TECHNOLOGY INC COM,"AMKOR TECHNOLOGY, INC","4,989 M",Information Technology,Semiconductors & Semiconductor Equipment,Semiconductor Equipment
AN,AUTONATION INC COM,"AUTONATION, INC.","6,897 M",Consumer Discretionary,Specialty Retail,Automotive Retail
ARW,ARROW ELECTRONICS INC COM,"ARROW ELECTRONICS, INC.","8,079 M",Information Technology,"Electronic Equipment, Instruments & Components",Technology Distributors
ARWR,ARROWHEAD PHARMACEUTICALS INC COM,ARROWHEAD PHARMACEUTICALS INC,"3,681 M",Health Care,Biotechnology,Biotechnology
ASB,ASSOCIATED BANC-CORP COM,ASSOCIATED BANC-CORP,"3,135 M",Financials,Banks,Regional Banks
ASGN,ASGN INCORPORATED COM,ASGN INC,"4,911 M",Industrials,Professional Services,Human Resource & Employment Services
ASH,ASHLAND GLOBAL HOLDINGS INC COM,ASHLAND GLOBAL HOLDINGS INC,"5,785 M",Materials,Chemicals,Specialty Chemicals
ATR,APTARGROUP INC COM,APTARGROUP INCORPORATED,"7,147 M",Materials,Containers & Packaging,Metal & Glass Containers
AVNT,AVIENT CORPORATION COM,AVIENT CORP,"4,679 M",Materials,Chemicals,Specialty Chemicals
AVT,AVNET INC COM,"AVNET, INC.","4,677 M",Information Technology,"Electronic Equipment, Instruments & Components",Technology Distributors
AXON,AXON ENTERPRISE INC COM,AXON ENTERPRISE INC,"7,367 M",Industrials,Aerospace & Defense,Aerospace & Defense
AYI,ACUITY BRANDS INC COM,"ACUITY BRANDS, INC.","6,212 M",Industrials,Electrical Equipment,Electrical Components & Equipment
AZPN,ASPEN TECHNOLOGY INC COM,ASPEN TECHNOLOGY INC,"12,450 M",Information Technology,Software,Application Software
BC,BRUNSWICK CORP COM,BRUNSWICK CORPORATION,"5,558 M",Consumer Discretionary,Leisure Products,Leisure Products
BCO,BRINK'S COMPANY COM,BRINK'S COMPANY (THE),"2,834 M",Industrials,Commercial Services & Supplies,Security & Alarm Services
BDC,BELDEN INC COM,BELDEN INC.,"2,536 M",Information Technology,"Electronic Equipment, Instruments & Components",Electronic Components
BHF,BRIGHTHOUSE FINL INC COM,BRIGHTHOUSE FINANCIAL INC,"3,614 M",Financials,Insurance,Life & Health Insurance
BJ,BJS WHSL CLUB HLDGS INC COM,BJS WHOLESALE CLUB HOLDINGS INC,"7,975 M",Consumer Staples,Food & Staples Retailing,Hypermarkets & Super Centers
BKH,BLACK HILLS CORP COM,BLACK HILLS CORPORATION,"4,908 M",Utilities,Multi-Utilities,Multi-Utilities
BLD,TOPBUILD CORP COM,TOPBUILD CORP,"6,601 M",Consumer Discretionary,Household Durables,Homebuilding
BLDR,BUILDERS FIRSTSOURCE INC COM,"BUILDERS FIRSTSOURCE, INC.","11,295 M",Industrials,Building Products,Building Products
BLKB,BLACKBAUD INC COM,"BLACKBAUD, INC.","3,411 M",Information Technology,Software,Application Software
BOH,BANK OF HAWAII CORPORATION COM,BANK OF HAWAII CORPORATION,"3,188 M",Financials,Banks,Regional Banks
BRKS,BROOKS AUTOMATION INC COM,<empty>,<empty>,Information Technology,Semiconductors & Semiconductor Equipment,Semiconductor Equipment
BRO,BROWN & BROWN INC COM,"BROWN & BROWN, INC.","16,685 M",Financials,Insurance,Insurance Brokers
BRX,BRIXMOR PROPERTY GROUP INC COM USD0.01,BRIXMOR PROPERTY GROUP INC,"7,153 M",Real Estate,Equity Real Estate Investment Trusts (REITs),Retail REITs
BXS,BANCORPSOUTH BANK N/C 10/29/21 12740C103,BANCORPSOUTH BANK,"3,123 M",Financials,Banks,Regional Banks
BYD,BOYD GAMING CORP COM,BOYD GAMING CORPORATION,"6,532 M",Consumer Discretionary,"Hotels, Restaurants & Leisure",Casinos & Gaming
CABO,CABLE ONE INC COM,CABLE ONE INC,"7,635 M",Communication Services,Media,Cable & Satellite
CACI,CACI INTERNATIONAL INC COM CL A,CACI INTERNATIONAL INC,"6,648 M",Industrials,Professional Services,Research & Consulting Services
CAR,AVIS BUDGET GROUP INC COM,"AVIS BUDGET GROUP, INC.","9,365 M",Industrials,Road & Rail,Trucking
CASY,CASEY'S GENERAL STORES INC COM,CASEY'S GENERAL STORES INCORPORATED,"7,823 M",Consumer Staples,Food & Staples Retailing,Food Retail
CATY,CATHAY GENERAL BANCORP COM,CATHAY GENERAL BANCORP,"3,150 M",Financials,Banks,Regional Banks
CBRL,CRACKER BARREL OLD COM,"CRACKER BARREL OLD COUNTRY STORE, INCORPORATION","2,310 M",Consumer Discretionary,"Hotels, Restaurants & Leisure",Restaurants
CBSH,COMMERCE BANCSHARES INC COM,"COMMERCE BANCSHARES, INC.","8,310 M",Financials,Banks,Regional Banks
CBT,CABOT CORP COM,CABOT CORPORATION,"4,322 M",Materials,Chemicals,Commodity Chemicals
CC,THE CHEMOURS COMPANY LLC COM,CHEMOURS CO,"6,839 M",Materials,Chemicals,Diversified Chemicals
CCMP,CMC MATERIALS INC COM,CMC MATERIALS INC,"5,178 M",Information Technology,Semiconductors & Semiconductor Equipment,Semiconductor Equipment
CDAY,CERIDIAN HCM HLDG INC COM,CERIDIAN HCM HOLDING INC,"8,618 M",Information Technology,Software,Application Software
CDK,CDK GLOBAL INC COM,CDK GLOBAL INC,"6,381 M",Information Technology,Software,Application Software
CFR,CULLEN FROST BANKERS COM,"CULLEN/FROST BANKERS, INC","8,174 M",Financials,Banks,Regional Banks
CFX,ENOVIS CORPORATION 1:3 R/S 4/5/22 194014502,ENOVIS CORP,"2,101 M",Industrials,Machinery,Industrial Machinery
CGNX,COGNEX CORP COM,COGNEX CORPORATION,"8,399 M",Information Technology,"Electronic Equipment, Instruments & Components",Electronic Equipment & Instruments
CHDN,CHURCHILL DOWNS INC COM,CHURCHILL DOWNS INC,"8,026 M",Consumer Discretionary,"Hotels, Restaurants & Leisure",Casinos & Gaming
CHE,CHEMED CORP COM,CHEMED CORPORATION,"7,250 M",Health Care,Health Care Providers & Services,Health Care Services
CHH,CHOICE HOTELS INTL INC COM,"CHOICE HOTELS INTERNATIONAL, INC.","7,233 M",Consumer Discretionary,"Hotels, Restaurants & Leisure","Hotels, Resorts & Cruise Lines"
CHX,CHAMPIONX CORPORATION COM,CHAMPIONX CORP,"4,855 M",Energy,Energy Equipment & Services,Oil & Gas Equipment & Services
CIEN,CIENA CORP COM,CIENA CORPORATION,"7,381 M",Information Technology,Communications Equipment,Communications Equipment
CIT,CIT GROUP INC .062:1 EXC 1/4/22 31946M103,CIT GROUP INC.,"5,306 M",Financials,Banks,Regional Banks
CLF,CLEVELAND CLIFFS INC COM,CLEVELAND-CLIFFS INC,"12,069 M",Materials,Metals & Mining,Steel
CLH,CLEAN HARBORS INC COM,"CLEAN HARBORS, INC.","5,197 M",Industrials,Commercial Services & Supplies,Environmental & Facilities Services
CMC,COMMERCIAL METALS CO COM,COMMERCIAL METALS COMPANY,"4,870 M",Materials,Metals & Mining,Steel
CMP,COMPASS MINERALS INTL INC COM,COMPASS MINERALS INTERNATIONAL INC,"1,517 M",Materials,Metals & Mining,Diversified Metals & Mining
CNK,CINEMARK HOLDINGS INC COM,"CINEMARK HOLDINGS, INCORPORATION.","1,991 M",Communication Services,Entertainment,Movies & Entertainment
CNO,CNO FINANCIAL GROUP INC COM,CNO FINANCIAL GROUP INC,"2,334 M",Financials,Insurance,Life & Health Insurance
CNX,CNX RESOURCES CORPORATION COM,CNX RESOURCES CORP,"4,394 M",Energy,"Oil, Gas & Consumable Fuels",Oil & Gas Exploration & Production
CNXC,CONCENTRIX CORPORATION COM,CONCENTRIX CORP,"8,389 M",Information Technology,IT Services,Data Processing & Outsourced Services
COHR,COHERENT INC COM,COHERENT INCORPORATED,"6,724 M",Information Technology,"Electronic Equipment, Instruments & Components",Electronic Equipment & Instruments
COLM,COLUMBIA SPORTSWEAR CO COM,COLUMBIA SPORTSWEAR COMPANY,"4,977 M",Consumer Discretionary,"Textiles, Apparel & Luxury Goods","Apparel, Accessories & Luxury Goods"
CONE,CYRUSONE INC CSH MRG $90.50/SH 3/28/22,CYRUSONE INC,<empty>,Real Estate,Equity Real Estate Investment Trusts (REITs),Specialized REITs
COR,CORESITE REALTY CORP CSH MRG $170.00/SH 12/28/21,CORESITE REALTY CORPORATION,"7,488 M",Real Estate,Equity Real Estate Investment Trusts (REITs),Specialized REITs
COTY,COTY INC COM CL A,COTY INC,"6,038 M",Consumer Staples,Personal Products,Personal Products
CPRI,CAPRI HOLDINGS LTD COM,CAPRI HOLDINGS LTD,"7,031 M",Consumer Discretionary,"Textiles, Apparel & Luxury Goods","Apparel, Accessories & Luxury Goods"
CPT,CAMDEN PROPERTY TRUST SBI USD0.01,CAMDEN PROPERTY TRUST,"15,217 M",Real Estate,Equity Real Estate Investment Trusts (REITs),Residential REITs
CR,CRANE HOLDINGS CO COM,CRANE HOLDINGS CO,"5,382 M",Industrials,Machinery,Industrial Machinery
CREE,CREE INC N/C 10/4/21 977852102,CREE INCORPORATED,<empty>,Information Technology,Semiconductors & Semiconductor Equipment,Semiconductors
CRI,CARTERS INC COM,"CARTER'S, INC.","3,156 M",Consumer Discretionary,"Textiles, Apparel & Luxury Goods","Apparel, Accessories & Luxury Goods"
CRNC,CERENCE INC COM,CERENCE INC,"1,169 M",Information Technology,Software,Application Software
CROX,CROCS INC COM,"CROCS, INC.","3,714 M",Consumer Discretionary,"Textiles, Apparel & Luxury Goods",Footwear
CRUS,CIRRUS LOGIC INC COM,CIRRUS LOGIC INC,"4,622 M",Information Technology,Semiconductors & Semiconductor Equipment,Semiconductors
CSL,CARLISLE COS INC COM,"CARLISLE COMPANIES, INCORPORATED","13,517 M",Industrials,Building Products,Building Products
CUZ,COUSINS PROPERTIES INC COM USD1.00(POST REV SPLIT),"COUSINS PROPERTIES, INCORPORATED","4,975 M",Real Estate,Equity Real Estate Investment Trusts (REITs),Office REITs
CVLT,COMMVAULT SYSTEMS INC COM,"COMMVAULT SYSTEMS, INC.","2,870 M",Information Technology,Software,Systems Software
CW,CURTISS-WRIGHT CORP COM,CURTISS-WRIGHT CORPORATION,"5,508 M",Industrials,Aerospace & Defense,Aerospace & Defense
DAN,DANA INCORPORATED COM,DANA INC,"2,411 M",Consumer Discretionary,Auto Components,Auto Parts & Equipment
DAR,DARLING INGREDIENTS INC COM,DARLING INGREDIENTS INC,"13,563 M",Consumer Staples,Food Products,Agricultural Products
DCI,DONALDSON CO INC COM,"DONALDSON COMPANY, INC.","6,586 M",Industrials,Machinery,Industrial Machinery
DECK,DECKERS OUTDOOR CORP COM,DECKERS OUTDOOR CORPORATION,"7,198 M",Consumer Discretionary,"Textiles, Apparel & Luxury Goods",Footwear
DEI,DOUGLAS EMMETT INC COM STK USD0.01,"DOUGLAS EMMETT, INC.","4,757 M",Real Estate,Equity Real Estate Investment Trusts (REITs),Office REITs
DKS,DICKS SPORTING GOODS INC COM,"DICK'S SPORTING GOODS, INC.","6,547 M",Consumer Discretionary,Specialty Retail,Specialty Stores
DOC,PHYSICIANS REALTY TRUST COM USD0.01,PHYSICIANS REALTY TRUST,"4,083 M",Real Estate,Equity Real Estate Investment Trusts (REITs),Health Care REITs
DTM,DT MIDSTREAM INC COM,DT MIDSTREAM INC,"5,602 M",Energy,"Oil, Gas & Consumable Fuels",Oil & Gas Storage & Transportation
DY,DYCOM INDUSTRIES COM,"DYCOM INDUSTRIES, INC.","2,849 M",Industrials,Construction & Engineering,Construction & Engineering
EBS,EMERGENT BIOSOLUTIONS INC COM,"EMERGENT BIOSOLUTIONS, INC.","1,638 M",Health Care,Biotechnology,Biotechnology
EGP,EASTGROUP PROPERTIES INC COM USD0.0001,EASTGROUP PROPERTIES INCORPORATED,"6,869 M",Real Estate,Equity Real Estate Investment Trusts (REITs),Industrial REITs
EHC,ENCOMPASS HEALTH CORPORATION COM,ENCOMPASS HEALTH CORP,"6,508 M",Health Care,Health Care Providers & Services,Health Care Facilities
ELY,CALLAWAY GOLF COMPANY COM,CALLAWAY GOLF CO,"4,152 M",Consumer Discretionary,Leisure Products,Leisure Products
EME,EMCOR GROUP COM,EMCOR GROUP INC,"5,458 M",Industrials,Construction & Engineering,Construction & Engineering
ENR,ENERGIZER HOLDINGS INC COM,ENERGIZER HOLDINGS INC,"2,112 M",Consumer Staples,Household Products,Household Products
ENS,ENERSYS COM,ENERSYS,"2,772 M",Industrials,Electrical Equipment,Electrical Components & Equipment
ENV,ENVESTNET INC COM,"ENVESTNET, INCORPORATION","3,571 M",Information Technology,Software,Application Software
EPR,EPR PROPERTIES SBI USD0.01,EPR PROPERTIES,"3,756 M",Real Estate,Equity Real Estate Investment Trusts (REITs),Specialized REITs
EQT,EQT CORPORATION COM,EQT CORPORATION,"17,852 M",Energy,"Oil, Gas & Consumable Fuels",Oil & Gas Exploration & Production
ESNT,ESSENT GROUP LTD COM,ESSENT GROUP LTD,"4,574 M",Financials,Thrifts & Mortgage Finance,Thrifts & Mortgage Finance
ETRN,EQUITRANS MIDSTREAM CORP COM,EQUITRANS MIDSTREAM CORP,"3,549 M",Energy,"Oil, Gas & Consumable Fuels",Oil & Gas Storage & Transportation
EVR,EVERCORE INC COM,EVERCORE INC,"4,521 M",Financials,Capital Markets,Investment Banking & Brokerage
EWBC,EAST WEST BANCORP INC COM,EAST WEST BANCORP INCORPORATED,"10,325 M",Financials,Banks,Regional Banks
EXEL,EXELIXIS INC COM,"EXELIXIS, INC.","6,091 M",Health Care,Biotechnology,Biotechnology
EXP,EAGLE MATERIALS INC COM,"EAGLE MATERIALS, INC.","5,103 M",Materials,Construction Materials,Construction Materials
FAF,FIRST AMERICAN FINANCIAL CORP COM,FIRST AMERICAN FINANCIAL CORPORATION,"6,408 M",Financials,Insurance,Property & Casualty Insurance
FCFS,FIRSTCASH HOLDINGS INC COM,FIRSTCASH HOLDINGS INC,"3,305 M",Financials,Consumer Finance,Consumer Finance
FCN,FTI CONSULTING INC COM,"FTI CONSULTING, INC.","5,767 M",Industrials,Professional Services,Research & Consulting Services
FDS,FACTSET RESEARCH SYSTEMS COM,FACTSET RESEARCH SYSTEMS INC.,"14,362 M",Financials,Capital Markets,Financial Exchanges & Data
FFIN,FIRST FINANCIAL BANKSHARES INC COM,"FIRST FINANCIAL BANKSHARES, INC.","5,929 M",Financials,Banks,Regional Banks
FHI,FEDERATED HERMES INC COM CL B,FEDERATED HERMES INC,"3,140 M",Financials,Capital Markets,Asset Management & Custody Banks
FHN,FIRST HORIZON CORPORATION COM,FIRST HORIZON CORP,"12,243 M",Financials,Banks,Regional Banks
FICO,FAIR ISAAC CORP COM,FAIR ISAAC CORP.,"10,767 M",Information Technology,Software,Application Software
FIVE,FIVE BELOW INC COM,FIVE BELOW INC,"7,204 M",Consumer Discretionary,Specialty Retail,Specialty Stores
FL,FOOT LOCKER INC COM,"FOOT LOCKER, INC","3,117 M",Consumer Discretionary,Specialty Retail,Apparel Retail
FLO,FLOWERS FOODS INC COM,"FLOWERS FOODS, INC.","5,526 M",Consumer Staples,Food Products,Packaged Foods & Meats
FLR,FLUOR CORP COM,FLUOR CORPORATION,"3,989 M",Industrials,Construction & Engineering,Construction & Engineering
FLS,FLOWSERVE CORP COM,FLOWSERVE CORPORATION,"4,053 M",Industrials,Machinery,Industrial Machinery
FNB,FNB CORP PA COM,FNB CORP,"4,200 M",Financials,Banks,Regional Banks
FOXF,FOX FACTORY HOLDING CORP COM,FOX FACTORY HOLDING CORP,"3,613 M",Consumer Discretionary,Auto Components,Auto Parts & Equipment
FR,FIRST INDUSTRIAL REALTY TRUST COM STK USD0.01,"FIRST INDUSTRIAL REALTY TRUST, INC.","7,014 M",Real Estate,Equity Real Estate Investment Trusts (REITs),Industrial REITs
FSLR,FIRST SOLAR INC COM,"FIRST SOLAR, INC.","8,049 M",Information Technology,Semiconductors & Semiconductor Equipment,Semiconductors
FULT,FULTON FINANCIAL CORP COM,FULTON FINANCIAL CORPORATION,"2,530 M",Financials,Banks,Regional Banks
G,GENPACT LIMITED COM,GENPACT LIMITED,"8,200 M",Information Technology,IT Services,Data Processing & Outsourced Services
GATX,GATX CORP COM,GATX CORPORATION,"3,831 M",Industrials,Trading Companies & Distributors,Trading Companies & Distributors
GBCI,GLACIER BANCORP COM,"GLACIER BANCORP, INC.","5,383 M",Financials,Banks,Regional Banks
GEF,GREIF INC COM CL A,"GREIF, INC.","3,606 M",Materials,Containers & Packaging,Metal & Glass Containers
GGG,GRACO INC COM,GRACO INC.,"10,815 M",Industrials,Machinery,Industrial Machinery
GHC,GRAHAM HOLDINGS CO COM CL B,GRAHAM HOLDINGS CO,"3,003 M",Consumer Discretionary,Diversified Consumer Services,Education Services
GME,GAMESTOP CORPORATION COM CL A,GAMESTOP CORPORATION,"9,515 M",Consumer Discretionary,Specialty Retail,Computer & Electronics Retail
GMED,GLOBUS MED INC COM CL A,GLOBUS MEDICAL INC,"6,620 M",Health Care,Health Care Equipment & Supplies,Health Care Equipment
GNTX,GENTEX CORP COM,GENTEX CORPORATION,"7,184 M",Consumer Discretionary,Auto Components,Auto Parts & Equipment
GO,GROCERY OUTLET HOLDING CORP COM,GROCERY OUTLET HOLDING CORP,"3,687 M",Consumer Staples,Food & Staples Retailing,Food Retail
GT,GOODYEAR TIRE & RUBBER CO COM,GOODYEAR TIRE & RUBBER CO,"3,717 M",Consumer Discretionary,Auto Components,Tires & Rubber
GXO,GXO LOGISTICS INCORPORATED COM,GXO LOGISTICS INC,"6,411 M",Industrials,Air Freight & Logistics,Air Freight & Logistics
HAE,HAEMONETICS CORP COM,HAEMONETICS CORPORATION,"3,286 M",Health Care,Health Care Equipment & Supplies,Health Care Supplies
HAIN,HAIN CELESTIAL GROUP INC COM,HAIN CELESTIAL GROUP INCORPORATED,"2,333 M",Consumer Staples,Food Products,Packaged Foods & Meats
HALO,HALOZYME THERAPEUTICS INC COM,"HALOZYME THERAPEUTICS, INC.","6,351 M",Health Care,Biotechnology,Biotechnology
HCSG,HEALTHCARE SERVICES GROUP INC COM,HEALTHCARE SERVICES GROUP INC,"1,294 M",Industrials,Commercial Services & Supplies,Diversified Support Services
HE,HAWAIIAN ELECTRIC INDUSTRIES COM,HAWAIIAN ELECTRIC INDUSTRIES INCORPORATION,"4,709 M",Utilities,Electric Utilities,Electric Utilities
HELE,HELEN OF TROY CORP COM,HELEN OF TROY LIMITED,"4,302 M",Consumer Discretionary,Household Durables,Household Appliances
HFC,HOLLYFRONTIER CORPORATION N/C 3/15/22 403949100,HOLLYFRONTIER CORPORATION,"5,932 M",Energy,"Oil, Gas & Consumable Fuels",Oil & Gas Refining & Marketing
HIW,HIGHWOODS PROPERTIES INC COM USD0.01,"HIGHWOODS PROPERTIES, INC.","4,030 M",Real Estate,Equity Real Estate Investment Trusts (REITs),Office REITs
HOG,HARLEY DAVIDSON COM,HARLEY-DAVIDSON INCORPORATED,"5,174 M",Consumer Discretionary,Automobiles,Motorcycle Manufacturers
HOMB,HOME BANCSHARES INC COM,"HOME BANCSHARES, INC.","4,690 M",Financials,Banks,Regional Banks
HPP,HUDSON PAC PPTYS INC COM USD0.01,"HUDSON PACIFIC PROPERTIES, INC","2,798 M",Real Estate,Equity Real Estate Investment Trusts (REITs),Office REITs
HQY,HEALTHEQUITY INC COM,HEALTHEQUITY INC,"5,402 M",Health Care,Health Care Providers & Services,Managed Health Care
HR,HEALTHCARE REALTY TRUST INC COM USD0.01,HEALTHCARE REALTY TRUST INCORPORATED,"4,265 M",Real Estate,Equity Real Estate Investment Trusts (REITs),Health Care REITs
HRB,BLOCK (H & R) INC COM,H & R BLOCK INC,"5,777 M",Consumer Discretionary,Diversified Consumer Services,Specialized Consumer Services
HRC,HILL-ROM HOLDINGS INC CSH MRG $156.00/SH 12/13/21,"HILL-ROM HOLDINGS, INCORPORATION","10,301 M",Health Care,Health Care Equipment & Supplies,Health Care Equipment
HUBB,HUBBELL INC COM,HUBBELL INCORPORATED,"10,310 M",Industrials,Electrical Equipment,Electrical Components & Equipment
HWC,HANCOCK WHITNEY CORPORATION COM,HANCOCK WHITNEY CORP,"4,293 M",Financials,Banks,Regional Banks
HXL,HEXCEL CORPORATION COM,HEXCEL CORPORATION,"4,851 M",Industrials,Aerospace & Defense,Aerospace & Defense
IAA,IAA INC COM,IAA INC (NEW YORK),"5,080 M",Industrials,Commercial Services & Supplies,Diversified Support Services
IART,INTEGRA LIFESCIENCES HLDGS COR COM,INTEGRA LIFESCIENCES HOLDINGS CORPORATION,"5,119 M",Health Care,Health Care Equipment & Supplies,Health Care Equipment
IBKR,INTERACTIVE BROKERS GROUP INC COM CL A,"INTERACTIVE BROKERS GROUP, INC.","5,968 M",Financials,Capital Markets,Investment Banking & Brokerage
IBOC,INTERNATIONAL BANCSHARES CORP COM,INTERNATIONAL BANCSHARES CORPORATION,"2,672 M",Financials,Banks,Regional Banks
ICUI,ICU MEDICAL INC COM,ICU MEDICAL INC,"4,347 M",Health Care,Health Care Equipment & Supplies,Health Care Supplies
IDA,IDACORP INC COM,"IDACORP, INC.","5,438 M",Utilities,Electric Utilities,Electric Utilities
IIVI,II-VI INC COM,II-VI INCORPORATED,"6,610 M",Information Technology,"Electronic Equipment, Instruments & Components",Electronic Components
INGR,INGREDION INC COM,INGREDION INCORPORATION,"6,129 M",Consumer Staples,Food Products,Agricultural Products
IRDM,IRIDIUM COMMUNICATIONS INC COM,IRIDIUM COMMUNICATIONS INC,"4,860 M",Communication Services,Diversified Telecommunication Services,Alternative Carriers
ITT,ITT INC COM,ITT INCORPORATION,"6,246 M",Industrials,Machinery,Industrial Machinery
JACK,JACK IN THE BOX INC COM,JACK IN THE BOX INC.,"1,454 M",Consumer Discretionary,"Hotels, Restaurants & Leisure",Restaurants
JAZZ,JAZZ PHARMACEUTICALS PLC COM,<empty>,"9,446 M",Health Care,Pharmaceuticals,Pharmaceuticals
JBGS,JBG SMITH PROPERTIES COM USD0.01,JBG SMITH PROPERTIES,"3,176 M",Real Estate,Equity Real Estate Investment Trusts (REITs),Office REITs
JBL,JABIL INC COM,JABIL INC,"8,658 M",Information Technology,"Electronic Equipment, Instruments & Components",Electronic Manufacturing Services
JBLU,JETBLUE AIRWAYS CORPORATION COM,JETBLUE AIRWAYS CORPORATION,"3,304 M",Industrials,Airlines,Airlines
JCOM,J2 GLOBAL INC COM,<empty>,<empty>,Information Technology,Software,Application Software
JEF,JEFFERIES FINANCIAL GROUP INC COM,JEFFERIES FINANCIAL GROUP INC,"7,700 M",Financials,Capital Markets,Investment Banking & Brokerage
JHG,HENDERSON GROUP PLC COM,<empty>,"4,603 M",Financials,Capital Markets,Asset Management & Custody Banks
JLL,JONES LANG LASALLE INC COM,JONES LANG LASALLE INCORPORATED,"9,187 M",Real Estate,Real Estate Management & Development,Real Estate Services
JW.A,"John Wiley & Sons, Inc. Common Stock",<empty>,<empty>,Consumer Discretionary,Specialty Retail,Computer & Electronics Retail
JWN,NORDSTROM INC COM,NORDSTROM INC,"4,136 M",Consumer Discretionary,Multiline Retail,Department Stores
KAR,KAR AUCTION SERVICES INC COM,KAR AUCTION SERVICES INCORPORATION,"1,993 M",Industrials,Commercial Services & Supplies,Diversified Support Services
KBH,KB HOME COM,KB HOME,"3,007 M",Consumer Discretionary,Household Durables,Homebuilding
KBR,KBR INC COM,KBR INCORPORATION,"7,014 M",Industrials,Professional Services,Research & Consulting Services
KEX,KIRBY CORP COM,KIRBY CORPORATION,"4,181 M",Industrials,Marine,Marine
KMPR,KEMPER CORP COM,KEMPER CORPORATION,"3,267 M",Financials,Insurance,Property & Casualty Insurance
KMT,KENNAMETAL INC COM,KENNAMETAL INCORPORATED,"2,346 M",Industrials,Machinery,Industrial Machinery
KNSL,KINSALE CAPITAL GROUP INC COM,KINSALE CAPITAL GROUP INC,"5,211 M",Financials,Insurance,Property & Casualty Insurance
KNX,KNIGHT SWIFT TRANSN HLDGS INC COM CL A,KNIGHT-SWIFT TRANSPORTATION HOLDINGS INC,"8,012 M",Industrials,Road & Rail,Trucking
KRC,KILROY REALTY CORP COM STK USD0.01,KILROY REALTY CORPORATION,"6,921 M",Real Estate,Equity Real Estate Investment Trusts (REITs),Office REITs
KSS,KOHLS CORPORATION COM,KOHL'S CORPORATION,"5,451 M",Consumer Discretionary,Multiline Retail,Department Stores
LAD,LITHIA MOTORS INC COM,"LITHIA MOTORS, INC.","8,591 M",Consumer Discretionary,Specialty Retail,Automotive Retail
LAMR,LAMAR ADVERTISING CO COM USD0.001 CL A,LAMAR ADVERTISING CO,"9,815 M",Real Estate,Equity Real Estate Investment Trusts (REITs),Specialized REITs
LANC,LANCASTER COLONY CORP COM,LANCASTER COLONY CORPORATION,"3,288 M",Consumer Staples,Food Products,Packaged Foods & Meats
LEA,LEAR CORP COM,LEAR CORPORATION,"8,215 M",Consumer Discretionary,Auto Components,Auto Parts & Equipment
LECO,LINCOLN ELECTRIC HLDGS INC COM,LINCOLN ELECTRIC HOLDINGS INCORPORATED,"8,136 M",Industrials,Machinery,Industrial Machinery
LFUS,LITTELFUSE INC COM,"LITTELFUSE, INC.","6,849 M",Information Technology,"Electronic Equipment, Instruments & Components",Electronic Components
LGND,LIGAND PHARMACEUTICAL INC COM,LIGAND PHARMACEUTICALS INC,"1,433 M",Health Care,Biotechnology,Biotechnology
LHCG,LHC GROUP INC COM,"LHC GROUP, INC.","5,159 M",Health Care,Health Care Providers & Services,Health Care Services
LII,LENNOX INTERNATIONAL INC COM,LENNOX INTERNATIONAL INCORPORATED,"7,642 M",Industrials,Building Products,Building Products
LITE,LUMENTUM HLDGS INC COM,LUMENTUM HOLDINGS INC,"5,887 M",Information Technology,Communications Equipment,Communications Equipment
LIVN,LIVANOVA PLC COM,<empty>,"3,736 M",Health Care,Health Care Equipment & Supplies,Health Care Equipment
LOPE,GRAND CANYON EDUCATION COM,"GRAND CANYON EDUCATION, INCORPORATION","2,849 M",Consumer Discretionary,Diversified Consumer Services,Education Services
LPX,LOUISIANA-PACIFIC CORP COM,LOUISIANA-PACIFIC CORPORATION,"5,889 M",Materials,Paper & Forest Products,Forest Products
LSCC,LATTICE SEMICONDUCTOR COM,LATTICE SEMICONDUCTOR CORPORATION,"7,260 M",Information Technology,Semiconductors & Semiconductor Equipment,Semiconductors
LSI,LIFE STORAGE INC COM USD0.01,LIFE STORAGE INC,"9,903 M",Real Estate,Equity Real Estate Investment Trusts (REITs),Specialized REITs
LSTR,LANDSTAR SYSTEMS INC COM,LANDSTAR SYSTEM INCORPORATED,"5,686 M",Industrials,Road & Rail,Trucking
MAC,MACERICH CO COM,MACERICH CO,"2,458 M",Real Estate,Equity Real Estate Investment Trusts (REITs),Retail REITs
MAN,MANPOWERGROUP INC COM,MANPOWERGROUP INC,"4,583 M",Industrials,Professional Services,Human Resource & Employment Services
MANH,MANHATTAN ASSOCIATES INC COM,MANHATTAN ASSOCIATES INCORPORATED,"8,099 M",Information Technology,Software,Application Software
MASI,MASIMO CORPORATION COM,MASIMO CORPORATION,"7,769 M",Health Care,Health Care Equipment & Supplies,Health Care Equipment
MAT,MATTEL INC COM,MATTEL INC,"8,671 M",Consumer Discretionary,Leisure Products,Leisure Products
MCY,MERCURY GENERAL CORP COM,MERCURY GENERAL CORPORATION,"2,693 M",Financials,Insurance,Property & Casualty Insurance
MDU,MDU RESOURCES GROUP INC COM,MDU RESOURCES GROUP INC,"5,578 M",Industrials,Construction & Engineering,Construction & Engineering
MEDP,MEDPACE HOLDINGS INC COM,MEDPACE HOLDINGS INC,"4,715 M",Health Care,Life Sciences Tools & Services,Life Sciences Tools & Services
MIDD,MIDDLEBY CORP COM,MIDDLEBY CORP,"8,047 M",Industrials,Machinery,Industrial Machinery
MKSI,MKS INSTRUMENTS INC COM,MKS INSTRUMENTS INCORPORATED,"6,785 M",Information Technology,Semiconductors & Semiconductor Equipment,Semiconductor Equipment
MLHR,HERMAN MILLER INC COM,<empty>,<empty>,Industrials,Commercial Services & Supplies,Office Services & Supplies
MMS,MAXIMUS INC COM,"MAXIMUS, INC.","3,937 M",Information Technology,IT Services,Data Processing & Outsourced Services
MOH,MOLINA HEALTHCARE INC COM,"MOLINA HEALTHCARE, INC.","16,810 M",Health Care,Health Care Providers & Services,Managed Health Care
MPW,MEDICAL PROPERTIES TRUST INC COM USD0.001,"MEDICAL PROPERTIES TRUST, INC.","10,679 M",Real Estate,Equity Real Estate Investment Trusts (REITs),Health Care REITs
MRCY,MERCURY SYSTEMS INC COM,MERCURY SYSTEMS INC,"3,670 M",Industrials,Aerospace & Defense,Aerospace & Defense
MSA,MSA SAFETY INC COM,MSA SAFETY INC,"4,991 M",Industrials,Commercial Services & Supplies,Office Services & Supplies
MSM,MSC INDUSTRIAL DIRECT CO COM CL A,"MSC INDUSTRIAL DIRECT CO., INC.","4,710 M",Industrials,Trading Companies & Distributors,Trading Companies & Distributors
MTG,MGIC INVESTMENT CORP COM,MGIC INVESTMENT CORPORATION,"4,282 M",Financials,Thrifts & Mortgage Finance,Thrifts & Mortgage Finance
MTX,MINERALS TECHNOLOGIES INC COM,MINERALS TECHNOLOGIES INC.,"2,275 M",Materials,Chemicals,Specialty Chemicals
MTZ,MASTEC INC COM,MASTEC INCORPORATED,"6,204 M",Industrials,Construction & Engineering,Construction & Engineering
MUR,MURPHY OIL CORP COM,MURPHY OIL CORPORATION,"6,759 M",Energy,"Oil, Gas & Consumable Fuels",Oil & Gas Exploration & Production
MUSA,MURPHY USA INC COM,MURPHY USA INC,"6,070 M",Consumer Discretionary,Specialty Retail,Automotive Retail
NATI,NATIONAL INSTRUMENTS CORP COM,NATIONAL INSTRUMENTS CORPORATION,"4,616 M",Information Technology,"Electronic Equipment, Instruments & Components",Electronic Equipment & Instruments
NAVI,NAVIENT CORP COM,NAVIENT CORP,"2,285 M",Financials,Consumer Finance,Consumer Finance
NBIX,NEUROCRINE BIOSCIENCES INC COM,NEUROCRINE BIOSCIENCES INC,"9,200 M",Health Care,Biotechnology,Biotechnology
NCR,NCR CORP COM,NCR CORPORATION,"4,692 M",Information Technology,Software,Application Software
NDS,CBOE NASDAQ 100 INDEX SETTLE,<empty>,<empty>,,,
NDSN,NORDSON CORP COM,NORDSON CORPORATION,"12,691 M",Industrials,Machinery,Industrial Machinery
NEOG,NEOGEN CORP COM,NEOGEN CORPORATION,"2,846 M",Health Care,Health Care Equipment & Supplies,Health Care Supplies
NEU,NEWMARKET CORP COM,NEWMARKET CORPORATION,"3,425 M",Materials,Chemicals,Specialty Chemicals
NFG,NATIONAL FUEL GAS CO COM,NATIONAL FUEL GAS COMPANY,"6,734 M",Utilities,Gas Utilities,Gas Utilities
NGVT,INGEVITY CORPORATION COM,INGEVITY CORP,"2,845 M",Materials,Chemicals,Specialty Chemicals
NJR,NEW JERSEY RESOURCES CORP COM,NEW JERSEY RESOURCES CORPORATION,"4,439 M",Utilities,Gas Utilities,Gas Utilities
NKTR,NEKTAR THERAPEUTICS COM,NEKTAR THERAPEUTICS,700 M,Health Care,Pharmaceuticals,Pharmaceuticals
NNN,NATIONAL RETAIL PROPERTIES INC COM USD0.01,"NATIONAL RETAIL PROPERTIES, INC.","7,668 M",Real Estate,Equity Real Estate Investment Trusts (REITs),Retail REITs
NSA,NATIONAL STORAGE AFFILIATES TR USD0.01(BEN OF INT),NATIONAL STORAGE AFFILIATES TRUST,"4,693 M",Real Estate,Equity Real Estate Investment Trusts (REITs),Specialized REITs
NSP,INSPERITY INC COM,INSPERITY INC,"3,838 M",Industrials,Professional Services,Human Resource & Employment Services
NTCT,NETSCOUT SYSTEMS INC COM,NETSCOUT SYSTEMS INCORPORATED,"2,612 M",Information Technology,Communications Equipment,Communications Equipment
NUS,NU SKIN ENTERPRISES INC COM CL A,NU SKIN ENTERPRISES INC,"2,349 M",Consumer Staples,Personal Products,Personal Products
NUVA,NUVASIVE INC COM,"NUVASIVE, INC.","2,895 M",Health Care,Health Care Equipment & Supplies,Health Care Equipment
NVST,ENVISTA HOLDINGS CORPORATION COM,ENVISTA HOLDINGS CORP,"7,028 M",Health Care,Health Care Equipment & Supplies,Health Care Equipment
NVT,NVENT ELECTRIC PLC COM,NVENT ELECTRIC PLC,"5,959 M",Industrials,Electrical Equipment,Electrical Components & Equipment
NWE,NORTHWESTERN CORPORATION COM,NORTHWESTERN CORPORATION,"3,279 M",Utilities,Multi-Utilities,Multi-Utilities
NYCB,NEW YORK COMMUNITY BANCORP INC COM,NEW YORK COMMUNITY BANCORP INC,"4,533 M",Financials,Thrifts & Mortgage Finance,Thrifts & Mortgage Finance
NYT,NEW YORK TIMES CO COM CL A,NEW YORK TIMES CO,"5,756 M",Communication Services,Media,Publishing
OC,OWENS CORNING COM,OWENS-CORNING,"9,250 M",Industrials,Building Products,Building Products
OFC,CORPORATE OFFICE PROP TRUST COM USD0.01,CORPORATE OFFICE PROPERTIES TRUST,"3,010 M",Real Estate,Equity Real Estate Investment Trusts (REITs),Office REITs
OGE,OGE ENERGY CORP COM,OGE ENERGY CORPORATION,"8,244 M",Utilities,Electric Utilities,Electric Utilities
OGS,ONE GAS INC COM,ONE GAS INC,"4,679 M",Utilities,Gas Utilities,Gas Utilities
OHI,OMEGA HEALTHCARE INVESTORS COM STK USD0.10,"OMEGA HEALTHCARE INVESTORS, INC.","6,859 M",Real Estate,Equity Real Estate Investment Trusts (REITs),Health Care REITs
OLED,UNIVERSAL DISPLAY CORP COM,UNIVERSAL DISPLAY CORPORATION,"5,964 M",Information Technology,Semiconductors & Semiconductor Equipment,Semiconductors
OLLI,OLLIES BARGAIN OUTLET HLDGS IN COM,OLLIE'S BARGAIN OUTLET HOLDINGS INC,"2,965 M",Consumer Discretionary,Multiline Retail,General Merchandise Stores
OLN,OLIN CORP COM,OLIN CORPORATION,"9,997 M",Materials,Chemicals,Commodity Chemicals
ORI,OLD REPUBLIC INTL CORP COM,OLD REPUBLIC INTERNATIONAL CORPORATION,"7,217 M",Financials,Insurance,Property & Casualty Insurance
OSK,OSHKOSH CORPORATION COM,OSHKOSH CORP,"6,208 M",Industrials,Machinery,Construction Machinery & Heavy Trucks
OZK,BANK OZK COM,BANK OZK,"4,912 M",Financials,Banks,Regional Banks
PACW,PACWEST BANCORP COM,PACWEST BANCORPORATION,"3,751 M",Financials,Banks,Regional Banks
PB,PROSPERITY BANCSHARES INC COM,"PROSPERITY BANCSHARES, INC.","6,672 M",Financials,Banks,Regional Banks
PCH,POTLATCHDELTIC CORPORATION COM USD1,POTLATCHDELTIC CORP,"3,644 M",Real Estate,Equity Real Estate Investment Trusts (REITs),Specialized REITs
PCTY,PAYLOCITY HOLDING CORPORATION COM,PAYLOCITY HOLDING CORP,"10,171 M",Information Technology,Software,Application Software
PDCO,PATTERSON COMPANIES INC COM,"PATTERSON COMPANIES, INC.","3,050 M",Health Care,Health Care Providers & Services,Health Care Distributors
PEB,PEBBLEBROOK HOTEL TRUST COM USD0.01 SBI,PEBBLEBROOK HOTEL TRUST,"3,054 M",Real Estate,Equity Real Estate Investment Trusts (REITs),Hotel & Resort REITs
PEN,PENUMBRA INC COM,PENUMBRA INC,"5,424 M",Health Care,Health Care Equipment & Supplies,Health Care Equipment
PGNY,PROGYNY INC COM,PROGYNY INC,"2,825 M",Health Care,Health Care Providers & Services,Managed Health Care
PII,POLARIS INC COM,POLARIS INC,"6,103 M",Consumer Discretionary,Leisure Products,Leisure Products
PK,PARK HOTELS & RESORTS INC COM USD0.01,PARK HOTELS & RESORTS INC,"4,349 M",Real Estate,Equity Real Estate Investment Trusts (REITs),Hotel & Resort REITs
PNFP,PINNACLE FINANCIAL PARTNERS COM,"PINNACLE FINANCIAL PARTNERS, INC.","6,171 M",Financials,Banks,Regional Banks
PNM,PNM RESOURCES INC COM,"PNM RESOURCES, INC.","4,064 M",Utilities,Electric Utilities,Electric Utilities
POST,POST HOLDINGS INC COM,POST HOLDINGS INC,"4,900 M",Consumer Staples,Food Products,Packaged Foods & Meats
PPC,PILGRIMS PRIDE CORP COM,PILGRIM'S PRIDE CORPORATION,"8,279 M",Consumer Staples,Food Products,Packaged Foods & Meats
PRG,PROG HOLDINGS INC COM,PROG HOLDINGS INC,"1,461 M",Financials,Consumer Finance,Consumer Finance
PRI,PRIMERICA INC COM,"PRIMERICA, INC","4,847 M",Financials,Insurance,Life & Health Insurance
PSB,PS BUSINESS PARKS INC CALIF COM SER'A'USD 0.01,PS BUSINESS PARKS INC,"5,174 M",Real Estate,Equity Real Estate Investment Trusts (REITs),Diversified REITs
PZZA,PAPA JOHNS INTERNATIONAL INC COM,PAPA JOHNS INTERNATIONAL INC,"3,234 M",Consumer Discretionary,"Hotels, Restaurants & Leisure",Restaurants
QDEL,QUIDELORTHO CORP COM,QUIDELORTHO CORP,"6,252 M",Health Care,Health Care Equipment & Supplies,Health Care Supplies
QLYS,QUALYS INC COM,QUALYS INC,"5,214 M",Information Technology,Software,Systems Software
R,RYDER SYSTEM INC COM,"RYDER SYSTEM, INC.","4,147 M",Industrials,Road & Rail,Trucking
RAMP,LIVERAMP HOLDINGS INC COM,LIVERAMP HOLDINGS INC,"1,764 M",Information Technology,IT Services,IT Consulting & Other Services
RBC,REGAL BELOIT CORPORATION COM,<empty>,"6,145 M",Industrials,Electrical Equipment,Electrical Components & Equipment
RCM,R1 RCM INC COM,R1 RCM INC,"6,123 M",Health Care,Health Care Providers & Services,Health Care Services
REXR,REXFORD INDUSTRIAL REALTY INC COM USD0.01,REXFORD INDUSTRIAL REALTY INC,"10,688 M",Real Estate,Equity Real Estate Investment Trusts (REITs),Industrial REITs
RGA,REINSURANCE GROUP OF AMERICA COM,"REINSURANCE GROUP OF AMERICA, INC.","8,304 M",Financials,Insurance,Reinsurance
RGEN,REPLIGEN CORP COM,REPLIGEN CORPORATION,"9,308 M",Health Care,Life Sciences Tools & Services,Life Sciences Tools & Services
RGLD,ROYAL GOLD INC COM,"ROYAL GOLD, INC.","7,726 M",Materials,Metals & Mining,Gold
RH,RH COM,RH,"7,549 M",Consumer Discretionary,Specialty Retail,Homefurnishing Retail
RLI,RLI CORP COM,RLI CORP.,"5,469 M",Financials,Insurance,Property & Casualty Insurance
RNR,RENAISSANCERE HOLDINGS LTD COM,RENAISSANCERE HOLDINGS LTD.,"6,722 M",Financials,Insurance,Reinsurance
RPM,RPM INTERNATIONAL INC COM,"RPM INTERNATIONAL, INC.","11,499 M",Materials,Chemicals,Specialty Chemicals
RS,RELIANCE STEEL & ALUMINIUM COM,RELIANCE STEEL & ALUMINUM CO.,"12,053 M",Materials,Metals & Mining,Steel
RUN,SUNRUN INC COM,SUNRUN INC,"5,709 M",Industrials,Electrical Equipment,Electrical Components & Equipment
RYN,RAYONIER INC COM NPV,RAYONIER INC.,"6,086 M",Real Estate,Equity Real Estate Investment Trusts (REITs),Specialized REITs
SABR,SABRE CORP COM,SABRE CORP,"2,494 M",Information Technology,IT Services,Data Processing & Outsourced Services
SAFM,SANDERSON FARM INC COM,"SANDERSON FARMS, INC.","4,492 M",Consumer Staples,Food Products,Packaged Foods & Meats
SAIC,SCIENCE APPLICATION INTL CORP COM,SCIENCE APPLICATIONS INTERNATIONAL CORP,"4,879 M",Industrials,Professional Services,Research & Consulting Services
SAIL,SAILPOINT TECH HLDGS INC COM,SAILPOINT TECHNOLOGIES HOLDINGS INC,"6,068 M",Information Technology,Software,Systems Software
SAM,BOSTON BEER CO INC COM CL A,BOSTON BEER COMPANY INC,"4,331 M",Consumer Staples,Beverages,Brewers
SBNY,SIGNATURE BANK COM,SIGNATURE BANK,"13,711 M",Financials,Banks,Regional Banks
SBRA,SABRA HEALTH CARE REIT INC COM USD0.01,SABRA HEALTHCARE REIT INC,"3,143 M",Real Estate,Equity Real Estate Investment Trusts (REITs),Health Care REITs
SCI,SERVICE CORP INTL COM,SERVICE CORPORATION INTERNATIONAL,"11,191 M",Consumer Discretionary,Diversified Consumer Services,Specialized Consumer Services
SEDG,SOLAREDGE TECHNOLOGIES INC COM,SOLAREDGE TECHNOLOGIES INC,"16,814 M",Information Technology,Semiconductors & Semiconductor Equipment,Semiconductor Equipment
SEIC,SEI INVESTMENT CO COM,SEI INVESTMENTS COMPANY,"7,998 M",Financials,Capital Markets,Asset Management & Custody Banks
SF,STIFEL FINANCIAL CORP COM,STIFEL FINANCIAL CORP.,"6,762 M",Financials,Capital Markets,Investment Banking & Brokerage
SFM,SPROUTS FARMERS MARKETS INC COM,SPROUTS FARMERS MARKET INC,"2,992 M",Consumer Staples,Food & Staples Retailing,Food Retail
SGMS,SCIENTIFIC GAMES CORP COM,<empty>,<empty>,Consumer Discretionary,"Hotels, Restaurants & Leisure",Casinos & Gaming
SIGI,SELECTIVE INSURANCE GROUP COM,"SELECTIVE INSURANCE GROUP, INCORPORATED","4,812 M",Financials,Insurance,Property & Casualty Insurance
SIX,SIX FLAGS ENT CORP NEW COM,SIX FLAGS ENTERTAINMENT CORPORATION,"2,577 M",Consumer Discretionary,"Hotels, Restaurants & Leisure",Leisure Facilities
SKX,SKECHERS USA INC COM CL A,SKECHERS U.S.A. INCORPORATED,"6,362 M",Consumer Discretionary,"Textiles, Apparel & Luxury Goods",Footwear
SLAB,SILICON LABORATORIES COM,SILICON LABORATORIES INC.,"5,484 M",Information Technology,Semiconductors & Semiconductor Equipment,Semiconductors
SLG,SL GREEN RLTY CORP COM USD0.01(POST REV SPLT),SL GREEN REALTY CORP.,"3,772 M",Real Estate,Equity Real Estate Investment Trusts (REITs),Office REITs
SLGN,SILGAN HOLDINGS INC COM,SILGAN HOLDINGS INC.,"5,010 M",Materials,Containers & Packaging,Metal & Glass Containers
SLM,SLM CORP COM,SLM CORPORATION,"5,212 M",Financials,Consumer Finance,Consumer Finance
SMG,SCOTTS MIRACLE-GRO COMPANY COM CL A,SCOTTS MIRACLE-GRO CO,"5,402 M",Materials,Chemicals,Fertilizers & Agricultural Chemicals
SMTC,SEMTECH CORP COM,SEMTECH CORPORATION,"4,019 M",Information Technology,Semiconductors & Semiconductor Equipment,Semiconductors
SNV,SYNOVUS FINANCIAL CORP COM,SYNOVUS FINANCIAL CORP.,"6,186 M",Financials,Banks,Regional Banks
SNX,TD SYNNEX CORP COM,TD SYNNEX CORP,"10,012 M",Information Technology,"Electronic Equipment, Instruments & Components",Technology Distributors
SON,SONOCO PRODUCTS CO COM,SONOCO PRODUCTS CO,"5,829 M",Materials,Containers & Packaging,Paper Packaging
SR,SPIRE INC COM,SPIRE INC,"4,058 M",Utilities,Gas Utilities,Gas Utilities
SRC,SPIRIT REALTY CAPITAL INC COM USD0.01(POST REV SPLIT),SPIRIT REALTY CAPITAL INC,"5,593 M",Real Estate,Equity Real Estate Investment Trusts (REITs),Retail REITs
SRCL,STERICYCLE INC COM,"STERICYCLE, INC.","4,602 M",Industrials,Commercial Services & Supplies,Environmental & Facilities Services
SSD,SIMPSON MFG CO INC COM,"SIMPSON MANUFACTURING CO., INC.","4,759 M",Industrials,Building Products,Building Products
STAA,STAAR SURGICAL CO COM,STAAR SURGICAL COMPANY,"3,160 M",Health Care,Health Care Equipment & Supplies,Health Care Supplies
STL,STERLING BANCORP D .463:1 EXC 2/1/22 947890109,STERLING BANCORP,"5,059 M",Financials,Banks,Regional Banks
STLD,STEEL DYNAMICS INC COM,STEEL DYNAMICS INC,"15,769 M",Materials,Metals & Mining,Steel
STOR,STORE CAP CORP COM USD0.01,STORE CAPITAL CORP,"7,716 M",Real Estate,Equity Real Estate Investment Trusts (REITs),Diversified REITs
SWX,SOUTHWEST GAS HOLDINGS INC COM,SOUTHWEST GAS CORPORATION,"6,230 M",Utilities,Gas Utilities,Gas Utilities
SXT,SENSIENT TECHNOLOGIES CORP COM,SENSIENT TECHNOLOGIES CORPORATION,"3,662 M",Materials,Chemicals,Specialty Chemicals
SYNA,SYNAPTICS INC COM,SYNAPTICS INCORPORATED,"5,971 M",Information Technology,Semiconductors & Semiconductor Equipment,Semiconductors
SYNH,SYNEOS HEALTH INC COM CL A,SYNEOS HEALTH INC,"7,634 M",Health Care,Life Sciences Tools & Services,Life Sciences Tools & Services
TCBI,TEXAS CAPITAL BANCSHARES INC COM,"TEXAS CAPITAL BANCSHARES, INC.","2,804 M",Financials,Banks,Regional Banks
TDC,TERADATA CORPORATION COM,TERADATA CORPORATION,"4,042 M",Information Technology,Software,Systems Software
TDS,TELEPHONE & DATA SYSTEMS INC COM,TELEPHONE AND DATA SYSTEMS INC,"1,961 M",Communication Services,Wireless Telecommunication Services,Wireless Telecommunication Services
TECH,BIO-TECHNE CORP COM,BIO-TECHNE CORP,"14,400 M",Health Care,Life Sciences Tools & Services,Life Sciences Tools & Services
TEX,TEREX CORP COM,TEREX CORPORATION,"2,512 M",Industrials,Machinery,Construction Machinery & Heavy Trucks
TGNA,TEGNA INC COM,TEGNA INC,"4,874 M",Communication Services,Media,Broadcasting
THC,TENET HEALTHCARE CORP COM,TENET HEALTHCARE CORPORATION,"7,333 M",Health Care,Health Care Providers & Services,Health Care Facilities
THG,HANOVER INSURANCE GROUP COM,HANOVER INSURANCE GROUP INC,"5,201 M",Financials,Insurance,Property & Casualty Insurance
THO,THOR INDUSTRIES COM,THOR INDUSTRIES INCORPORATED,"4,149 M",Consumer Discretionary,Automobiles,Automobile Manufacturers
THS,TREEHOUSE FOODS INC COM,"TREEHOUSE FOODS, INC.","2,223 M",Consumer Staples,Food Products,Packaged Foods & Meats
TKR,TIMKEN CO COM,TIMKEN CO,"4,621 M",Industrials,Machinery,Industrial Machinery
TMHC,TAYLOR MORRISON HOME CORP COM,TAYLOR MORRISON HOME CORP,"3,431 M",Consumer Discretionary,Household Durables,Homebuilding
TNL,TRAVEL PLUS LEISURE CO COM,TRAVEL + LEISURE CO,"4,360 M",Consumer Discretionary,"Hotels, Restaurants & Leisure","Hotels, Resorts & Cruise Lines"
TOL,TOLL BROS INC COM,"TOLL BROTHERS, INC.","5,930 M",Consumer Discretionary,Household Durables,Homebuilding
TPH,TRI POINTE GROUP INC COM,TRI POINTE HOMES INC (DELAWARE),"2,186 M",Consumer Discretionary,Household Durables,Homebuilding
TPX,TEMPUR SEALY INTERNATIONAL INC COM,TEMPUR SEALY INTERNATIONAL INC,"4,404 M",Consumer Discretionary,Household Durables,Home Furnishings
TR,TOOTSIE ROLL INDUSTRIES INC COM,TOOTSIE ROLL INDUSTRIES INCORPORATED,"2,230 M",Consumer Staples,Food Products,Packaged Foods & Meats
TREE,LENDINGTREE INC COM,LENDINGTREE INC,791 M,Financials,Consumer Finance,Consumer Finance
TREX,TREX COMPANY INC COM,TREX COMPANY INC,"7,349 M",Industrials,Building Products,Building Products
TRGP,TARGA RESOURCES CORPORATION COM,TARGA RESOURCES CORP,"17,638 M",Energy,"Oil, Gas & Consumable Fuels",Oil & Gas Storage & Transportation
TRIP,TRIPADVISOR INC COM,TRIPADVISOR INC,"3,437 M",Communication Services,Interactive Media & Services,Interactive Media & Services
TRMK,TRUSTMARK CORP COM,TRUSTMARK CORPORATION,"1,839 M",Financials,Banks,Regional Banks
TRN,TRINITY INDUSTRIES INC COM,"TRINITY INDUSTRIES, INC.","2,106 M",Industrials,Machinery,Construction Machinery & Heavy Trucks
TTC,TORO CO COM,TORO CO,"9,157 M",Industrials,Machinery,Agricultural & Farm Machinery
TTEK,TETRA TECH INC COM,"TETRA TECH, INC.","7,485 M",Industrials,Commercial Services & Supplies,Environmental & Facilities Services
TXRH,TEXAS ROADHOUSE INC COM,"TEXAS ROADHOUSE, INC.","5,437 M",Consumer Discretionary,"Hotels, Restaurants & Leisure",Restaurants
UBSI,UNITED BANKSHARES INC COM,"UNITED BANKSHARES, INC.","5,022 M",Financials,Banks,Regional Banks
UE,URBAN EDGE PROPERTIES COM USD0.01,URBAN EDGE PROPERTIES,"2,137 M",Real Estate,Equity Real Estate Investment Trusts (REITs),Retail REITs
UGI,UGI CORP COM,UGI CORPORATION,"9,279 M",Utilities,Gas Utilities,Gas Utilities
UMBF,UMB FINANCIAL CORP COM,UMB FINANCIAL CORP,"4,478 M",Financials,Banks,Regional Banks
UMPQ,UMPQUA HOLDINGS CORP COM,UMPQUA HOLDINGS CORPORATION,"3,837 M",Financials,Banks,Regional Banks
UNVR,UNIVAR SOLUTIONS INC COM,UNIVAR SOLUTIONS INC,"5,436 M",Industrials,Trading Companies & Distributors,Trading Companies & Distributors
URBN,URBAN OUTFITTERS INC COM,URBAN OUTFITTERS INC,"2,069 M",Consumer Discretionary,Specialty Retail,Apparel Retail
UTHR,UNITED THERAPEUTICS CORP COM,UNITED THERAPEUTICS CORPORATION,"10,453 M",Health Care,Biotechnology,Biotechnology
VAC,MARRIOTT VACATIONS WORLDWIDE C COM,MARRIOTT VACATIONS WORLDWIDE CORPORATION,"6,115 M",Consumer Discretionary,"Hotels, Restaurants & Leisure","Hotels, Resorts & Cruise Lines"
VC,VISTEON CORPORATION COM,VISTEON CORPORATION,"3,101 M",Consumer Discretionary,Auto Components,Auto Parts & Equipment
VLY,VALLEY NATIONAL BANCORP COM,VALLEY NATIONAL BANCORP,"6,347 M",Financials,Banks,Regional Banks
VMI,VALMONT INDUSTRIES INC COM,"VALMONT INDUSTRIES, INCORPORATED","5,521 M",Industrials,Construction & Engineering,Construction & Engineering
VNT,VONTIER CORP COM,VONTIER CORP,"4,360 M",Information Technology,"Electronic Equipment, Instruments & Components",Electronic Equipment & Instruments
VSAT,VIASAT INC COM,"VIASAT, INC.","2,942 M",Information Technology,Communications Equipment,Communications Equipment
VSCO,VICTORIAS SECRET AND CO COM,VICTORIA'S SECRET & CO,"3,583 M",Consumer Discretionary,Specialty Retail,Apparel Retail
VSH,VISHAY INTERTECHNOLOGY INC COM,VISHAY INTERTECHNOLOGY INCORPORATED,"2,932 M",Information Technology,"Electronic Equipment, Instruments & Components",Electronic Components
VVV,VALVOLINE INC COM,VALVOLINE INC,"6,109 M",Materials,Chemicals,Commodity Chemicals
WAFD,WASHINGTON FEDERAL INC COM,WASHINGTON FEDERAL INCORPORATED,"2,136 M",Financials,Banks,Regional Banks
WBS,WEBSTER FINANCIAL CORP COM,WEBSTER FINANCIAL CORPORATION,"8,914 M",Financials,Banks,Regional Banks
WEN,WENDYS COMPANY (THE) COM,WENDYS COMPANY,"4,021 M",Consumer Discretionary,"Hotels, Restaurants & Leisure",Restaurants
WERN,WERNER ENTERPRISES INC COM,"WERNER ENTERPRISES, INC.","2,671 M",Industrials,Road & Rail,Trucking
WEX,WEX INC COM,WEX INC,"7,698 M",Information Technology,IT Services,Data Processing & Outsourced Services
WH,WYNDHAM HOTELS & RESORTS INC COM,WYNDHAM HOTELS & RESORTS INC,"7,383 M",Consumer Discretionary,"Hotels, Restaurants & Leisure","Hotels, Resorts & Cruise Lines"
WING,WINGSTOP INC COM,WINGSTOP INC,"2,306 M",Consumer Discretionary,"Hotels, Restaurants & Leisure",Restaurants
WOR,WORTHINGTON INDUSTRIES INC COM,"WORTHINGTON INDUSTRIES, INC","2,331 M",Materials,Metals & Mining,Steel
WSM,WILLIAMS-SONOMA INC COM,"WILLIAMS-SONOMA, INC.","8,689 M",Consumer Discretionary,Specialty Retail,Homefurnishing Retail
WSO,WATSCO INC COM,WATSCO INC,"10,163 M",Industrials,Trading Companies & Distributors,Trading Companies & Distributors
WTFC,WINTRUST FINANCIAL CORP COM,WINTRUST FINANCIAL CORPORATION,"5,144 M",Financials,Banks,Regional Banks
WTRG,ESSENTIAL UTILITIES INC COM,ESSENTIAL UTILITIES INC,"12,359 M",Utilities,Water Utilities,Water Utilities
WW,WW INTERNATIONAL INC COM,WW INTERNATIONAL INC,546 M,Consumer Discretionary,Diversified Consumer Services,Specialized Consumer Services
WWD,WOODWARD INC COM,WOODWARD INC,"6,190 M",Industrials,Aerospace & Defense,Aerospace & Defense
WWE,WORLD WRESTLING ENTERTAINMENT COM CL A,"WORLD WRESTLING ENTERTAINMENT, INC.","4,989 M",Communication Services,Entertainment,Movies & Entertainment
X,UNITED STATES STEEL CORP COM,UNITED STATES STEEL CORPORATION,"6,508 M",Materials,Metals & Mining,Steel
XEC,CIMAREX ENERGY CO 4.0146:1 EXC 10/1/21 127097103,CIMAREX ENERGY CO,"8,965 M",Energy,"Oil, Gas & Consumable Fuels",Oil & Gas Exploration & Production
XPO,XPO LOGISTICS INC COM,XPO LOGISTICS INC,"6,413 M",Industrials,Road & Rail,Trucking
XRX,XEROX HOLDINGS CORPORATION COM,XEROX HOLDINGS CORP,"2,918 M",Information Technology,"Technology Hardware, Storage & Peripherals","Technology Hardware, Storage & Peripherals"
Y,ALLEGHANY CORP COM,ALLEGHANY CORPORATION,"11,219 M",Financials,Insurance,Reinsurance
YELP,YELP INC COM CL A,YELP INC,"2,131 M",Communication Services,Interactive Media & Services,Interactive Media & Services
YETI,YETI HOLDINGS INC COM,YETI HOLDINGS INC,"4,034 M",Consumer Discretionary,Leisure Products,Leisure Products
