Watchlist 'S&P 600'

S&P 600
Symbol,Description,Company Name,Market Cap,Sector,Industry,Sub-Industry
AAN,THE AARONS COMPANY INC COM,AARON'S COMPANY INC,560 M,Consumer Discretionary,Specialty Retail,Homefurnishing Retail
AAOI,APPLIED OPTOELECTRONICS INC COM,APPLIED OPTOELECTRONICS INC,62 M,Information Technology,Communications Equipment,Communications Equipment
AAON,AAON INC COM,"AAON, INC.","2,939 M",Industrials,Building Products,Building Products
AAT,AMERICAN ASSETS TRUST INC COM USD0.01,"AMERICAN ASSETS TRUST, INC","1,991 M",Real Estate,Equity Real Estate Investment Trusts (REITs),Diversified REITs
AAWW,ATLAS AIR WORLDWIDE HLDGS INC COM,ATLAS AIR WORLDWIDE HOLDINGS INCORPORATED,"1,997 M",Industrials,Air Freight & Logistics,Air Freight & Logistics
ABCB,AMERIS BANCORP COM,AMERIS BANCORP,"3,146 M",Financials,Banks,Regional Banks
ABG,ASBURY AUTOMOTIVE GROUP INC COM,"ASBURY AUTOMOTIVE GROUP, INCORPORATED","3,877 M",Consumer Discretionary,Specialty Retail,Automotive Retail
ABM,ABM INDUSTRIES INC COM,ABM INDUSTRIES INCORPORATED,"3,275 M",Industrials,Commercial Services & Supplies,Environmental & Facilities Services
ABTX,ALLEGIANCE BANCSHA COM,ALLEGIANCE BANCSHARES INC,828 M,Financials,Banks,Regional Banks
ACA,ARCOSA INC COM,ARCOSA INC,"2,570 M",Industrials,Construction & Engineering,Construction & Engineering
ACLS,AXCELIS TECHNOLOGIES INC COM,"AXCELIS TECHNOLOGIES, INC.","2,067 M",Information Technology,Semiconductors & Semiconductor Equipment,Semiconductor Equipment
ADC,AGREE REALTY CORP COM USD0.0001,AGREE REALTY CORPORATION,"5,253 M",Real Estate,Equity Real Estate Investment Trusts (REITs),Retail REITs
ADTN,ADTRAN INC COM,"ADTRAN, INC.",952 M,Information Technology,Communications Equipment,Communications Equipment
ADUS,ADDUS HOMECARE CORP COM,ADDUS HOMECARE CORPORATION,"1,330 M",Health Care,Health Care Providers & Services,Health Care Services
AEGN,AEGION CORPORATION CSH MRG $30.00/SH 5/18/21,AEGION CORPORATION,<empty>,Industrials,Construction & Engineering,Construction & Engineering
AEIS,ADVANCED ENERGY INDUSTRIES COM,"ADVANCED ENERGY INDUSTRIES, INC.","3,058 M",Information Technology,"Electronic Equipment, Instruments & Components",Electronic Equipment & Instruments
AEL,AMER EQY INVEST LIFE HOLDING C COM,AMERICAN EQUITY INVESTMENT LIFE HOLDING COMPANY,"3,739 M",Financials,Insurance,Life & Health Insurance
AGO,ASSURED GUARANTY LTD COM,<empty>,"3,741 M",Financials,Insurance,Property & Casualty Insurance
AGYS,AGILYSYS INC COM,"AGILYSYS, INC.","1,034 M",Information Technology,Software,Application Software
AHH,ARMADA HOFFLER PPTYS INC COM USD0.01,ARMADA HOFFLER PROPERTIES INC,938 M,Real Estate,Equity Real Estate Investment Trusts (REITs),Diversified REITs
AIN,ALBANY INTERNATIONAL CORP COM CL A,ALBANY INTERNATIONAL CORP,"2,676 M",Industrials,Machinery,Industrial Machinery
AIR,AAR CORP COM,AAR CORP.,"1,738 M",Industrials,Aerospace & Defense,Aerospace & Defense
AIT,APPLIED INDL TECHS COM,"APPLIED INDUSTRIAL TECHNOLOGIES, INC.","4,039 M",Industrials,Trading Companies & Distributors,Trading Companies & Distributors
AJRD,AEROJET ROCKETDYNE HLDGS INC COM,AEROJET ROCKETDYNE HOLDINGS INC,"3,314 M",Industrials,Aerospace & Defense,Aerospace & Defense
AKR,ACADIA REALTY TRUST SBI USD0.001,ACADIA REALTY TRUST,"1,825 M",Real Estate,Equity Real Estate Investment Trusts (REITs),Retail REITs
ALEX,ALEXANDER & BALDWIN INC COM USD0.01,ALEXANDER & BALDWIN INC (HAWAII),"1,460 M",Real Estate,Equity Real Estate Investment Trusts (REITs),Diversified REITs
ALG,ALAMO GROUP INC COM,ALAMO GROUP INC.,"1,460 M",Industrials,Machinery,Construction Machinery & Heavy Trucks
ALGT,ALLEGIANT TRAVEL COMPANY COM,ALLEGIANT TRAVEL COMPANY,"2,638 M",Industrials,Airlines,Airlines
ALRM,ALARM.COM HOLDINGS INC COM,ALARMCOM HLDG INC,"3,283 M",Information Technology,Software,Application Software
AMBC,AMBAC FINANCIAL GROUP INC COM,"AMBAC FINANCIAL GROUP, INC.",481 M,Financials,Insurance,Property & Casualty Insurance
AMCX,AMC NETWORKS INC COM CL A,AMC NETWORKS INC,"1,610 M",Communication Services,Media,Broadcasting
AMN,AMN HEALTHCARE SERVICES INC COM,AMN HEALTHCARE SERVICES INC,"4,421 M",Health Care,Health Care Providers & Services,Health Care Services
AMPH,AMPHASTAR PHARMACEUTICALS INC COM,AMPHASTAR PHARMACEUTICALS INC,"1,853 M",Health Care,Pharmaceuticals,Pharmaceuticals
AMSF,AMERISAFE INC COM,"AMERISAFE, INC.",987 M,Financials,Insurance,Property & Casualty Insurance
AMWD,AMERICAN WOODMARK CORP COM,AMERICAN WOODMARK CORPORATION,865 M,Industrials,Building Products,Building Products
ANDE,ANDERSONS INC COM,ANDERSONS INC,"1,310 M",Consumer Staples,Food & Staples Retailing,Food Distributors
ANF,ABERCROMBIE & FITCH CO COM CL A,ABERCROMBIE & FITCH CO,"1,013 M",Consumer Discretionary,Specialty Retail,Apparel Retail
ANGO,ANGIODYNAMICS INC COM,"ANGIODYNAMICS, INC.",795 M,Health Care,Health Care Equipment & Supplies,Health Care Equipment
ANIK,ANIKA THERAPEUTICS INC COM,ANIKA THERAPEUTICS INC,321 M,Health Care,Biotechnology,Biotechnology
ANIP,ANI PHARMACEUTICALS INC COM,ANI PHARMACEUTICALS INC,523 M,Health Care,Pharmaceuticals,Pharmaceuticals
APEI,AMERICAN PUBLIC EDUCATION INC COM,"AMERICAN PUBLIC EDUCATION, INC.",267 M,Consumer Discretionary,Diversified Consumer Services,Education Services
APOG,APOGEE ENTERPRISES INC COM,"APOGEE ENTERPRISES, INC.",940 M,Industrials,Building Products,Building Products
ARCB,ARCBEST CORP COM,ARCBEST CORP,"2,010 M",Industrials,Road & Rail,Trucking
ARI,APOLLO COMMERCIAL REAL ESTATE COM,APOLLO COMMERCIAL REAL ESTATE FINANCE INCORPORATION,"1,759 M",Financials,Mortgage Real Estate Investment Trusts (REITs),Mortgage REITs
ARLO,ARLO TECHNOLOGIES INC COM,ARLO TECHNOLOGIES INC,642 M,Information Technology,"Electronic Equipment, Instruments & Components",Electronic Equipment & Instruments
ARNC,ARCONIC CORPORATION COM,ARCONIC CORP (PITTSBURGH),"2,955 M",Materials,Metals & Mining,Aluminum
AROC,ARCHROCK INC COM,ARCHROCK INC,"1,587 M",Energy,Energy Equipment & Services,Oil & Gas Equipment & Services
ARR,ARMOUR RESIDENTIAL REIT INC COM USD0.0001,ARMOUR RESIDENTIAL REIT INCORPORATION,782 M,Financials,Mortgage Real Estate Investment Trusts (REITs),Mortgage REITs
ASIX,ADVANSIX INC COM,ADVANSIX INC,"1,308 M",Materials,Chemicals,Commodity Chemicals
ASTE,ASTEC INDUSTRIES INC COM,ASTEC INDUSTRIES INCORPORATED,"1,094 M",Industrials,Machinery,Construction Machinery & Heavy Trucks
ATI,ALLEGHENY TECHNOLOGIES INC COM,ALLEGHENY TECHNOLOGIES INCORPORATED,"3,415 M",Materials,Metals & Mining,Steel
ATNI,ATN INTERNATIONAL INC COM,ATN INTERNATIONAL INC,709 M,Communication Services,Diversified Telecommunication Services,Integrated Telecommunication Services
AVA,AVISTA CORP COM,AVISTA CORPORATION,"3,112 M",Utilities,Multi-Utilities,Multi-Utilities
AVAV,AEROVIRONMENT INC COM,"AEROVIRONMENT, INC.","2,395 M",Industrials,Aerospace & Defense,Aerospace & Defense
AVD,AMERICAN VANGUARD CORP COM,AMERICAN VANGUARD CORPORATION,785 M,Materials,Chemicals,Fertilizers & Agricultural Chemicals
AWR,AMERICAN STATES WATER CO COM,AMERICAN STATES WATER COMPANY,"3,005 M",Utilities,Water Utilities,Water Utilities
AX,AXOS FINANCIAL INC COM,AXOS FINANCIAL INC,"2,326 M",Financials,Thrifts & Mortgage Finance,Thrifts & Mortgage Finance
AXL,AMER AXLE & MANUFACTURING HLDG COM,"AMERICAN AXLE & MANUFACTURING HOLDINGS, INC",983 M,Consumer Discretionary,Auto Components,Auto Parts & Equipment
AZZ,AZZ INC COM,AZZ INC,"1,124 M",Industrials,Electrical Equipment,Heavy Electrical Equipment
B,BARNES GROUP INC COM,BARNES GROUP INC.,"1,847 M",Industrials,Machinery,Industrial Machinery
BANC,BANC OF CALIFORNIA INC COM,BANC OF CALIFORNIA INC,"1,163 M",Financials,Banks,Regional Banks
BANF,BANCFIRST CORP COM,BANCFIRST CORPORATION,"3,049 M",Financials,Banks,Regional Banks
BANR,BANNER CORP COM,BANNER CORPORATION,"1,983 M",Financials,Banks,Regional Banks
BBBY,BED BATH AND BEYOND COM,BED BATH & BEYOND INC.,657 M,Consumer Discretionary,Specialty Retail,Homefurnishing Retail
BCC,BOISE CASCADE COMPANY COM,BOISE CASCADE CO,"3,241 M",Industrials,Trading Companies & Distributors,Trading Companies & Distributors
BCEI,BONANZA CREEK ENERGY INC N/C 11/2/21 17888H103,BONANZA CREEK ENERGY INC,"1,731 M",Energy,"Oil, Gas & Consumable Fuels",Oil & Gas Exploration & Production
BCOR,BLUCORA INC COM,BLUCORA INCORPORATION,846 M,Financials,Capital Markets,Asset Management & Custody Banks
BCPC,BALCHEM CORP COM,BALCHEM CORPORATION,"4,105 M",Materials,Chemicals,Specialty Chemicals
BDN,BRANDYWINE REALTY TRUST SBI USD0.01,BRANDYWINE REALTY TRUST,"1,855 M",Real Estate,Equity Real Estate Investment Trusts (REITs),Office REITs
BELFB,BEL FUSE INC COM CL B,BEL FUSE INCORPORATED,208 M,Information Technology,"Electronic Equipment, Instruments & Components",Electronic Components
BFS,SAUL CENTERS INC COM USD0.01,"SAUL CENTERS, INC.","1,155 M",Real Estate,Equity Real Estate Investment Trusts (REITs),Retail REITs
BGS,B & G FOODS INC COM,"B&G FOODS, INC.","1,524 M",Consumer Staples,Food Products,Packaged Foods & Meats
BHE,BENCHMARK ELECTRONICS INC COM,"BENCHMARK ELECTRONICS, INC.",900 M,Information Technology,"Electronic Equipment, Instruments & Components",Electronic Manufacturing Services
BHLB,BERKSHIRE HILLS BANCORP INC COM,"BERKSHIRE HILLS BANCORP, INC.","1,242 M",Financials,Banks,Regional Banks
BIG,BIG LOTS INC COM,"BIG LOTS, INC.",687 M,Consumer Discretionary,Multiline Retail,General Merchandise Stores
BJRI,BJS RESTAURANTS INC COM,"BJ'S RESTAURANTS, INC.",623 M,Consumer Discretionary,"Hotels, Restaurants & Leisure",Restaurants
BKE,BUCKLE COM,BUCKLE INC,"1,603 M",Consumer Discretionary,Specialty Retail,Apparel Retail
BKU,BANKUNITED INC COM,BANKUNITED INCORPORATION,"3,335 M",Financials,Banks,Regional Banks
BLMN,BLOOMIN BRANDS INC COM,BLOOMIN' BRANDS INC,"1,875 M",Consumer Discretionary,"Hotels, Restaurants & Leisure",Restaurants
BMI,BADGER METER INC COM,"BADGER METER, INC.","2,389 M",Information Technology,"Electronic Equipment, Instruments & Components",Electronic Equipment & Instruments
BNED,BARNES & NOBLE EDUCATION INC COM,BARNES & NOBLE EDUCATION INC,134 M,Consumer Discretionary,Specialty Retail,Specialty Stores
BOOM,DMC GLOBAL INC COM,DMC GLOBAL INC,572 M,Energy,Energy Equipment & Services,Oil & Gas Equipment & Services
BOOT,BOOT BARN HOLDINGS INC COM,BOOT BARN HOLDINGS INC,"2,504 M",Consumer Discretionary,Specialty Retail,Apparel Retail
BPFH,BOSTON PRIVATE HOLDINGS INC MRG @$2.10 & .0228:1 78486Q101,"BOSTON PRIVATE FINANCIAL HOLDINGS, INC.",<empty>,Financials,Banks,Regional Banks
BRC,BRADY CORP COM CL A,BRADY CORPORATION,"2,431 M",Industrials,Commercial Services & Supplies,Commercial Printing
BRKL,BROOKLINE BANCORP INC COM,"BROOKLINE BANCORP, INC.","1,101 M",Financials,Banks,Regional Banks
BSIG,BRIGHTSPHERE INVEST GRP PLC COM,BRIGHTSPHERE INVESTMENT GROUP PLC,853 M,Financials,Capital Markets,Asset Management & Custody Banks
CADE,CADENCE BANK COM,CADENCE BANK,"4,933 M",Financials,Banks,Regional Banks
CAKE,CHEESECAKE FACTORY COM,CHEESECAKE FACTORY INC,"1,693 M",Consumer Discretionary,"Hotels, Restaurants & Leisure",Restaurants
CAL,CALERES INC COM,CALERES INC,"1,066 M",Consumer Discretionary,Specialty Retail,Apparel Retail
CALM,CAL MAINE FOODS INC COM,"CAL-MAINE FOODS, INC.","2,337 M",Consumer Staples,Food Products,Packaged Foods & Meats
CAMP,CALAMP CORP COM,CALAMP CORP.,262 M,Information Technology,Communications Equipment,Communications Equipment
CASH,META FINANCIAL GROUP COM,"META FINANCIAL GROUP, INC.","1,202 M",Financials,Banks,Regional Banks
CATM,CARDTRONICS PLC CSH MRG $39.00/SH 6/22/21,CARDTRONICS PLC,<empty>,Information Technology,IT Services,Data Processing & Outsourced Services
CATO,CATO CORP COM CL A,CATO CORPORATION,257 M,Consumer Discretionary,Specialty Retail,Apparel Retail
CBB,CINCINNATI BELL INC CSH MRG $15.50/SH 9/7/21,"CINCINNATI BELL, INC.",788 M,Communication Services,Diversified Telecommunication Services,Integrated Telecommunication Services
CBU,COMMUNITY BANK SYSTEMS INC COM,COMMUNITY BANK SYSTEM INCORPORATED,"3,627 M",Financials,Banks,Regional Banks
CCOI,COGENT COMMUNICATIONS HLDGS IN COM,COGENT COMMUNICATIONS HOLDINGS INC,"2,906 M",Communication Services,Diversified Telecommunication Services,Alternative Carriers
CCRN,CROSS COUNTRY HEALTHCARE INC COM,"CROSS COUNTRY HEALTHCARE, INC.",695 M,Health Care,Health Care Providers & Services,Health Care Services
CCS,CENTURY COMMUNITIES COM,CENTURY COMMUNITIES INC,"1,810 M",Consumer Discretionary,Household Durables,Homebuilding
CEIX,CONSOL ENERGY INC COM,CONSOL ENERGY INC,"1,910 M",Energy,"Oil, Gas & Consumable Fuels",Coal & Consumable Fuels
CELH,CELSIUS HOLDINGS INC COM,CELSIUS HOLDINGS INCORPORATION,"5,030 M",Consumer Staples,Beverages,Soft Drinks
CENT,CENTRAL GARDEN & PET CO COM,CENTRAL GARDEN & PET COMPANY,"2,473 M",Consumer Staples,Household Products,Household Products
CENTA,CENTRAL GARDEN & PET CO COM CL A,CENTRAL GARDEN & PET COMPANY,"2,317 M",Consumer Staples,Household Products,Household Products
CENX,CENTURY ALUMINUM COM,CENTURY ALUMINUM COMPANY,"1,101 M",Materials,Metals & Mining,Aluminum
CEVA,CEVA INC COM,CEVA INC,864 M,Information Technology,Semiconductors & Semiconductor Equipment,Semiconductors
CFFN,CAPITOL FED FIN IN COM,CAPITOL FEDERAL FINANCIAL INC,"1,407 M",Financials,Thrifts & Mortgage Finance,Thrifts & Mortgage Finance
CHCO,CITY HLDG CO COM,CITY HOLDING CO,"1,225 M",Financials,Banks,Regional Banks
CHCT,COMMUNITY HEALTHCARE TRUST INC USD0.01,COMMUNITY HEALTHCARE TRUST INC,917 M,Real Estate,Equity Real Estate Investment Trusts (REITs),Health Care REITs
CHEF,CHEFS WAREHOUSE INC COM,CHEFS' WAREHOUSE INC,"1,346 M",Consumer Staples,Food & Staples Retailing,Food Distributors
CHRS,COHERUS BIOSCIENCES INC COM,COHERUS BIOSCIENCES INC,597 M,Health Care,Biotechnology,Biotechnology
CHS,CHICO'S FAS INC COM,"CHICO'S FAS, INC.",593 M,Consumer Discretionary,Specialty Retail,Apparel Retail
CHUY,CHUYS HOLDINGS INC COM,CHUY'S HOLDINGS INC,422 M,Consumer Discretionary,"Hotels, Restaurants & Leisure",Restaurants
CIR,CIRCOR INTERNATIONAL INC COM,"CIRCOR INTERNATIONAL, INC.",397 M,Industrials,Machinery,Industrial Machinery
CKH,SEACOR HOLDINGS INC CSH MRG @$41.50/SH 4/16/21,SEACOR HOLDINGS INCORPORATED,851 M,Industrials,Marine,Marine
CLB,CORE LABORATORIES NV COM,<empty>,"1,368 M",Energy,Energy Equipment & Services,Oil & Gas Equipment & Services
CLDT,CHATHAM LODGING TRUST COM USD0.01,CHATHAM LODGING TRUST,629 M,Real Estate,Equity Real Estate Investment Trusts (REITs),Hotel & Resort REITs
CLI,MACK CALI REALTY CORP COM STK USD0.01,<empty>,"1,669 M",Real Estate,Equity Real Estate Investment Trusts (REITs),Office REITs
CLW,CLEARWATER PAPER CORPORATION COM,CLEARWATER PAPER CORPORATION,572 M,Materials,Paper & Forest Products,Paper Products
CMO,CAPSTEAD MTGE.CORP MRG $.94/SH & .3288:1 10/19/21,CAPSTEAD MORTGAGE CORPORATION,634 M,Financials,Mortgage Real Estate Investment Trusts (REITs),Mortgage REITs
CMTL,COMTECH TELECOMMUNICATIONS COM,COMTECH TELECOMMUNICATIONS CORP,345 M,Information Technology,Communications Equipment,Communications Equipment
CNMD,CONMED CORP COM,CONMED CORP,"3,376 M",Health Care,Health Care Equipment & Supplies,Health Care Equipment
CNSL,CONSOL COMMUNICATIONS HLDGS IN COM,"CONSOLIDATED COMMUNICATIONS HOLDINGS, INC.",865 M,Communication Services,Diversified Telecommunication Services,Integrated Telecommunication Services
CNXN,PC CONNECTION COM,"PC CONNECTION, INC.","1,183 M",Information Technology,"Electronic Equipment, Instruments & Components",Technology Distributors
COHU,COHU INC COM,COHU INC,"1,455 M",Information Technology,Semiconductors & Semiconductor Equipment,Semiconductor Equipment
COKE,COCA-COLA CONSOLIDATED INC COM,COCA-COLA CONSOLIDATED INC,"5,704 M",Consumer Staples,Beverages,Soft Drinks
COLB,COLUMBIA BANKING SYSTEMS INC COM,COLUMBIA BANKING SYSTEMS INC,"2,375 M",Financials,Banks,Regional Banks
COLL,COLLEGIUM PHARMACEUTICAL INC COM,COLLEGIUM PHARMACEUTICAL INC,534 M,Health Care,Pharmaceuticals,Pharmaceuticals
CONN,CONNS INC COM,CONN'S INC,269 M,Consumer Discretionary,Specialty Retail,Computer & Electronics Retail
COOP,MR COOPER GROUP INC COM,MR COOPER GROUP INC,"3,219 M",Financials,Thrifts & Mortgage Finance,Thrifts & Mortgage Finance
CORE,CORE-MARK HLDG CO INC MRG $23.87/SH & 0.44:1 9/2/21,"CORE-MARK HOLDING COMPANY, INC.",<empty>,Consumer Discretionary,Distributors,Distributors
CORT,CORCEPT THERAPEUTICS INC COM,CORCEPT THERAPEUTICS INCORPORATED,"2,230 M",Health Care,Pharmaceuticals,Pharmaceuticals
CPE,CALLON PETROLEUM CO COM,CALLON PETROLEUM COMPANY,"3,605 M",Energy,"Oil, Gas & Consumable Fuels",Oil & Gas Exploration & Production
CPF,CENTRAL PACIFIC FINANCIAL CORP COM,CENTRAL PACIFIC FINANCIAL CORP.,661 M,Financials,Banks,Regional Banks
CPK,CHESAPEAKE UTILITIES CORP COM,CHESAPEAKE UTILITIES CORPORATION,"2,397 M",Utilities,Gas Utilities,Gas Utilities
CPS,COOPER-STANDARD HOLDINGS INC COM,COOPER-STANDARD HOLDINGS INCORPORATION,99 M,Consumer Discretionary,Auto Components,Auto Parts & Equipment
CPSI,COMPUTER PROGRAMS COM,"COMPUTER PROGRAMS & SYSTEMS, INC.",486 M,Health Care,Health Care Technology,Health Care Technology
CRMT,AMERICA'S CAR-MART INC COM,"AMERICA'S CAR-MART, INC.",692 M,Consumer Discretionary,Specialty Retail,Automotive Retail
CROX,CROCS INC COM,"CROCS, INC.","3,698 M",Consumer Discretionary,"Textiles, Apparel & Luxury Goods",Footwear
CRS,CARPENTER TECHNOLOGY CORP COM,CARPENTER TECHNOLOGY CORPORATION,"1,691 M",Materials,Metals & Mining,Steel
CRVL,CORVEL CORP COM,CORVEL CORPORATION,"2,597 M",Health Care,Health Care Providers & Services,Health Care Services
CRY,CRYOLIFE INC COM,<empty>,703 M,Health Care,Health Care Equipment & Supplies,Health Care Equipment
CSGS,CSG SYSTEMS INTL INC COM,"CSG SYSTEMS INTERNATIONAL, INC.","2,008 M",Information Technology,IT Services,Data Processing & Outsourced Services
CSII,CARDIOVASCULAR SYSTEMS INC DEL COM,"CARDIOVASCULAR SYSTEMS, INCORPORATION",644 M,Health Care,Health Care Equipment & Supplies,Health Care Equipment
CSR,CENTERSPACE COM NPV,CENTERSPACE,"1,293 M",Real Estate,Equity Real Estate Investment Trusts (REITs),Residential REITs
CTB,COOPER TIRE & RUBBER CO MGR $41.75/SH & .9070 6/8/21,COOPER TIRE & RUBBER CO,"3,040 M",Consumer Discretionary,Auto Components,Tires & Rubber
CTRE,CARETRUST REIT INC COM USD0.01,CARETRUST REIT INC,"1,781 M",Real Estate,Equity Real Estate Investment Trusts (REITs),Health Care REITs
CTS,CTS CORP COM,CTS CORPORATION,"1,312 M",Information Technology,"Electronic Equipment, Instruments & Components",Electronic Manufacturing Services
CUB,CUBIC CORP CSH MRG $75.00/SH 5/25/21,CUBIC CORPORATION,"2,383 M",Industrials,Aerospace & Defense,Aerospace & Defense
CUBI,CUSTOMERS BANCORP INC COM,CUSTOMERS BANCORP INC,"1,343 M",Financials,Banks,Regional Banks
CUTR,CUTERA INC COM,"CUTERA, INC.",847 M,Health Care,Health Care Equipment & Supplies,Health Care Equipment
CVBF,CVB FINANCIAL COM,CVB FINANCIAL CORPORATION,"3,523 M",Financials,Banks,Regional Banks
CVCO,CAVCO INDUSTRIES COM,"CAVCO INDUSTRIES, INC.","1,948 M",Consumer Discretionary,Household Durables,Homebuilding
CVET,COVETRUS INC COM,COVETRUS INC,"2,888 M",Health Care,Health Care Providers & Services,Health Care Distributors
CVGW,CALAVO GROWERS INC COM,CALAVO GROWERS INCORPORATED,646 M,Consumer Staples,Food Products,Packaged Foods & Meats
CWT,CALIFORNIA WATER SERVICE GROUP COM,CALIFORNIA WATER SERVICE GROUP,"2,972 M",Utilities,Water Utilities,Water Utilities
CXW,CORECIVIC INC COM USD0.01,CORECIVIC INC,"1,513 M",Industrials,Commercial Services & Supplies,Security & Alarm Services
CYH,COMMUNITY HEALTH SYS INC COM,"COMMUNITY HEALTH SYSTEMS, INC.",748 M,Health Care,Health Care Providers & Services,Health Care Facilities
CYTK,CYTOKINETICS INC COM,"CYTOKINETICS, INC.","3,638 M",Health Care,Biotechnology,Biotechnology
DAKT,DAKTRONIC INC COM,DAKTRONICS INC,151 M,Information Technology,"Electronic Equipment, Instruments & Components",Electronic Equipment & Instruments
DBD,DIEBOLD NIXDORF INCORPORATED COM,DIEBOLD NIXDORF INC,236 M,Information Technology,"Technology Hardware, Storage & Peripherals","Technology Hardware, Storage & Peripherals"
DBI,DESIGNER BRANDS INC COM CL A,DESIGNER BRANDS INC,"1,098 M",Consumer Discretionary,Specialty Retail,Apparel Retail
DCOM,DIME COMMUNITY BANCSHARES INC. COM,DIME COMMUNITY BANCSHARES INC (NEW YORK),"1,237 M",Financials,Banks,Regional Banks
DDD,3 D SYSTEMS INC COM,3D SYSTEMS CORPORATION,"1,383 M",Information Technology,"Technology Hardware, Storage & Peripherals","Technology Hardware, Storage & Peripherals"
DEA,EASTERLY GOVERNMENT PROP INC COM USD0.01,EASTERLY GOVERNMENT PROPERTIES INC,"1,744 M",Real Estate,Equity Real Estate Investment Trusts (REITs),Office REITs
DFIN,DONNELLEY FIN SOLUTIONS INC COM,DONNELLEY FINANCIAL SOLUTIONS INC,982 M,Financials,Capital Markets,Financial Exchanges & Data
DGII,DIGI INTERNATIONAL INC COM,DIGI INTERNATIONAL INCORPORATED.,856 M,Information Technology,Communications Equipment,Communications Equipment
DHC,DIVERSIFIED HEALTHCARE TRUST SHS OF BENEFICIAL INTEREST,DIVERSIFIED HEALTHCARE TRUST,492 M,Real Estate,Equity Real Estate Investment Trusts (REITs),Health Care REITs
DIN,DINEEQUITY INC COM,DINE BRANDS GLOBAL INC,"1,244 M",Consumer Discretionary,"Hotels, Restaurants & Leisure",Restaurants
DIOD,DIODES INC COM,DIODES INC,"3,474 M",Information Technology,Semiconductors & Semiconductor Equipment,Semiconductors
DLX,DELUXE CORP COM,DELUXE CORPORATION,"1,013 M",Industrials,Commercial Services & Supplies,Commercial Printing
DNOW,NOW INC COM,NOW INC,"1,270 M",Industrials,Trading Companies & Distributors,Trading Companies & Distributors
DORM,DORMAN PRODUCTS IN COM,"DORMAN PRODUCTS, INC.","3,255 M",Consumer Discretionary,Auto Components,Auto Parts & Equipment
DRH,DIAMONDROCK HOSPITALITY CO COM USD0.01,DIAMONDROCK HOSPITALITY COMPANY,"2,265 M",Real Estate,Equity Real Estate Investment Trusts (REITs),Hotel & Resort REITs
DRQ,DRIL QUIP INC COM,DRIL-QUIP INC,"1,078 M",Energy,Energy Equipment & Services,Oil & Gas Equipment & Services
DSPG,DSP GROUP INC CSH MRG $22.00/SH 12/3/21,"DSP GROUP, INC.",<empty>,Information Technology,Semiconductors & Semiconductor Equipment,Semiconductors
DXPE,DXP ENTERPRISES INC COM,"DXP ENTERPRISES, INC.",569 M,Industrials,Trading Companies & Distributors,Trading Companies & Distributors
EAT,BRINKER INTERNATIONAL COM,"BRINKER INTERNATIONAL, INC.","1,323 M",Consumer Discretionary,"Hotels, Restaurants & Leisure",Restaurants
EBIX,EBIX INC COM,"EBIX, INC.",956 M,Information Technology,Software,Application Software
ECHO,ECHO GLOBAL LOGISTICS INC CSH MRG $48.25/SH 11/24/21,ECHO GLOBAL LOGISTICS INCORPORATION,<empty>,Industrials,Air Freight & Logistics,Air Freight & Logistics
ECOL,US ECOLOGY INC CSH MRG  $48.00/SH 5/3/22,US ECOLOGY INC,<empty>,Industrials,Commercial Services & Supplies,Environmental & Facilities Services
ECPG,ENCORE CAPITAL GROUP INC COM,"ENCORE CAPITAL GROUP, INC.","1,459 M",Financials,Consumer Finance,Consumer Finance
EGBN,EAGLE BANCORP INC COM,"EAGLE BANCORP, INC.","1,550 M",Financials,Banks,Regional Banks
EGHT,8X8 INC NEW COM,"8X8, INC.",889 M,Information Technology,Software,Application Software
EGOV,NIC INC CSH MRG $34.00/SH 4/22/21,NIC INC.,<empty>,Information Technology,IT Services,Data Processing & Outsourced Services
EGRX,EAGLE PHARMACEUTICALS INC COM,"EAGLE PHARMACEUTICALS, INC",590 M,Health Care,Biotechnology,Biotechnology
EHTH,EHEALTH INC COM,"EHEALTH, INC.",287 M,Financials,Insurance,Insurance Brokers
EIG,EMPLOYERS HOLDINGS INC COM,EMPLOYERS HOLDINGS INC,"1,144 M",Financials,Insurance,Property & Casualty Insurance
ELF,E L F BEAUTY INC COM,ELF BEAUTY INC,"1,379 M",Consumer Staples,Personal Products,Personal Products
ELY,CALLAWAY GOLF COMPANY COM,CALLAWAY GOLF CO,"4,147 M",Consumer Discretionary,Leisure Products,Leisure Products
ENDP,ENDO INTERNATIONAL PLC COM,ENDO INTERNATIONAL PLC,135 M,Health Care,Pharmaceuticals,Pharmaceuticals
ENSG,ENSIGN GROUP INC COM,"ENSIGN GROUP, INCORPORATION (THE)","4,411 M",Health Care,Health Care Providers & Services,Health Care Facilities
ENTA,ENANTA PHARMACEUTICALS INC COM,ENANTA PHARMACEUTICALS INC,886 M,Health Care,Biotechnology,Biotechnology
ENVA,ENOVA INTERNATIONAL INC COM,ENOVA INTERNATIONAL INC,"1,009 M",Financials,Consumer Finance,Consumer Finance
EPAC,ENERPAC TOOL GROUP CORP COM CL A,ENERPAC TOOL GROUP CORP,"1,200 M",Industrials,Machinery,Industrial Machinery
EPAY,BOTTOMLINE TECHNOLOGIES CSH MRG $57.00/SH 5/16/22,BOTTOMLINE TECHNOLOGIES INC,<empty>,Information Technology,Software,Application Software
EPRT,ESSENTIAL PROP REALTY TRUST IN USD0.01,ESSENTIAL PROPERTIES REALTY TRUST INC,"3,018 M",Real Estate,Equity Real Estate Investment Trusts (REITs),Diversified REITs
ESE,ESCO TECHNOLOGIES INC COM,ESCO TECHNOLOGIES INC.,"1,758 M",Industrials,Machinery,Industrial Machinery
ETH,ETHAN ALLEN INTERIORS INC COM,<empty>,<empty>,Consumer Discretionary,Household Durables,Home Furnishings
EVTC,EVERTEC INC COM,EVERTEC INC,"2,686 M",Information Technology,IT Services,Data Processing & Outsourced Services
EXLS,EXLSERVICE HLDGS INC COM,"EXLSERVICE HOLDINGS, INC.","4,857 M",Information Technology,IT Services,Data Processing & Outsourced Services
EXPO,EXPONENT INC COM,"EXPONENT, INC.","4,646 M",Industrials,Professional Services,Research & Consulting Services
EXTN,EXTERRAN CORPORATION COM,EXTERRAN CORP,208 M,Energy,Energy Equipment & Services,Oil & Gas Equipment & Services
EXTR,EXTREME NETWORKS COM,"EXTREME NETWORKS, INC.","1,309 M",Information Technology,Communications Equipment,Communications Equipment
EZPW,EZCORP INC COM CL A,EZCORP INCORPORATED,445 M,Financials,Consumer Finance,Consumer Finance
FARO,FARO TECHNOLOGIES INC COM,"FARO TECHNOLOGIES, INC.",598 M,Information Technology,"Electronic Equipment, Instruments & Components",Electronic Equipment & Instruments
FBC,FLAGSTAR BANCORP COM,"FLAGSTAR BANCORP, INC.","1,996 M",Financials,Thrifts & Mortgage Finance,Thrifts & Mortgage Finance
FBK,FB FINANCIAL CORPORATION COM,FB FINANCIAL CORP,"2,044 M",Financials,Banks,Regional Banks
FBNC,FIRST BANCORP NC COM,FIRST BANCORP (NORTH CAROLINA),"1,332 M",Financials,Banks,Regional Banks
FBP,FIRST BANCORP PUERTO RICO COM,FIRST BANCORP.,"3,006 M",Financials,Banks,Regional Banks
FCF,FIRST COMM'WTH FINL CORP PA COM,FIRST COMMONWEALTH FINANCIAL CORPORATION,"1,321 M",Financials,Banks,Regional Banks
FCPT,FOUR CORNERS PPTY TR INC COM USD0.0001,FOUR CORNERS PROPERTY TRUST INC,"2,200 M",Real Estate,Equity Real Estate Investment Trusts (REITs),Specialized REITs
FDP,FRESH DEL MONTE PRODUCE INC COM,FRESH DEL MONTE PRODUCE INC.,"1,195 M",Consumer Staples,Food Products,Agricultural Products
FELE,FRANKLIN ELECTRIC CO INC COM,"FRANKLIN ELECTRIC COMPANY, INCORPORATED","3,536 M",Industrials,Machinery,Industrial Machinery
FF,FUTUREFUEL CORP COM,FUTUREFUEL CORP.,318 M,Materials,Chemicals,Specialty Chemicals
FFBC,FIRST FINANCIAL BANCORP COM,FIRST FINANCIAL BANCORP,"1,974 M",Financials,Banks,Regional Banks
FHB,FIRST HAWAIIAN COM,FIRST HAWAIIAN INC,"3,289 M",Financials,Banks,Regional Banks
FIX,COMFORT SYSTEMS USA COM,"COMFORT SYSTEMS USA, INC.","3,263 M",Industrials,Construction & Engineering,Construction & Engineering
FIZZ,NATIONAL BEVERAGE CORP COM,NATIONAL BEVERAGE CORP.,"4,563 M",Consumer Staples,Beverages,Soft Drinks
FLGT,FULGENT GENETICS INC COM,FULGENT GENETICS INC,"1,627 M",Health Care,Health Care Providers & Services,Health Care Services
FLOW,SPX FLOW INC CSH MRG $86.50/SH 4/5/22,SPX FLOW INC,"3,638 M",Industrials,Machinery,Industrial Machinery
FMBI,FIRST MIDWEST BANCORP INC 1.1336:1 EXC 2/16/22 680033107,FIRST MIDWEST BANCORP INCORPORATED,<empty>,Financials,Banks,Regional Banks
FN,FABRINET COM,<empty>,"3,205 M",Information Technology,"Electronic Equipment, Instruments & Components",Electronic Manufacturing Services
FOE,FERRO CORP CSH MRG $22.00/SH 4/22/22,FERRO CORPORATION,"1,843 M",Materials,Chemicals,Specialty Chemicals
FORM,FORMFACTOR INC COM,"FORMFACTOR, INC.","3,186 M",Information Technology,Semiconductors & Semiconductor Equipment,Semiconductor Equipment
FORR,FORRESTER RESEARCH INC COM,"FORRESTER RESEARCH, INC.",974 M,Industrials,Professional Services,Research & Consulting Services
FOSL,FOSSIL GROUP INC COM,FOSSIL GROUP INC,368 M,Consumer Discretionary,"Textiles, Apparel & Luxury Goods","Apparel, Accessories & Luxury Goods"
FRGI,FIESTA RESTAURANT GROUP COM,FIESTA RESTAURANT GROUP INC,192 M,Consumer Discretionary,"Hotels, Restaurants & Leisure",Restaurants
FSP,FRANKLIN STREET PR COM USD0.0001,FRANKLIN STREET PROPERTIES CORPORATION,447 M,Real Estate,Equity Real Estate Investment Trusts (REITs),Office REITs
FSS,FEDERAL SIGNAL CORP COM,FEDERAL SIGNAL CORPORATION,"2,198 M",Industrials,Machinery,Construction Machinery & Heavy Trucks
FUL,FULLER (HB) CO COM,H.B. FULLER COMPANY,"3,827 M",Materials,Chemicals,Specialty Chemicals
FWRD,FORWARD AIR CORPORATION COM,FORWARD AIR CORPORATION,"2,587 M",Industrials,Air Freight & Logistics,Air Freight & Logistics
GBX,GREENBRIER COMPANIES INC COM,"GREENBRIER COMPANIES, INC. (THE)","1,375 M",Industrials,Machinery,Construction Machinery & Heavy Trucks
GCI,GANNETT CO INC COM,GANNETT CO INC,567 M,Communication Services,Media,Publishing
GCO,GENESCO INC COM,GENESCO INC,777 M,Consumer Discretionary,Specialty Retail,Apparel Retail
GCP,GCP APPLIED TECHNOLOGIES INC COM,GCP APPLIED TECHNOLOGIES INC,"2,301 M",Materials,Chemicals,Specialty Chemicals
GDOT,GREEN DOT CORP COM CL A,GREEN DOT CORPORATION,"1,537 M",Financials,Consumer Finance,Consumer Finance
GEO,GEO GROUP INC (THE) COM USD0.01 NEW,GEO GROUP INC,862 M,Industrials,Commercial Services & Supplies,Security & Alarm Services
GES,GUESS INC COM,GUESS? INC,"1,221 M",Consumer Discretionary,Specialty Retail,Apparel Retail
GFF,GRIFFON CORP COM,GRIFFON CORPORATION,"1,847 M",Industrials,Building Products,Building Products
GHL,GREENHILL & CO INC COM,GREENHILL & COMPANY INCORPORATION,221 M,Financials,Capital Markets,Investment Banking & Brokerage
GIII,G-III APPAREL GROUP COM,"G-III APPAREL GROUP, LTD.","1,276 M",Consumer Discretionary,"Textiles, Apparel & Luxury Goods","Apparel, Accessories & Luxury Goods"
GKOS,GLAUKOS CORPORATION COM,GLAUKOS CORP,"2,007 M",Health Care,Health Care Equipment & Supplies,Health Care Equipment
GLT,GLATFELTER CORPORATION COM,GLATFELTER CORP,377 M,Materials,Paper & Forest Products,Paper Products
GLUU,GLU MOBILE INC CSH MRG $12.50/SH 4/30/21,GLU MOBILE INC,<empty>,Communication Services,Entertainment,Interactive Home Entertainment
GME,GAMESTOP CORPORATION COM CL A,GAMESTOP CORPORATION,"9,526 M",Consumer Discretionary,Specialty Retail,Computer & Electronics Retail
GMS,GMS INC COM,GMS INC,"2,192 M",Industrials,Trading Companies & Distributors,Trading Companies & Distributors
GNL,GLOBAL NET LEASE INC COM USD0.01,GLOBAL NET LEASE INC,"1,490 M",Real Estate,Equity Real Estate Investment Trusts (REITs),Diversified REITs
GPI,GROUP 1 AUTOMOTIVE INC COM,"GROUP 1 AUTOMOTIVE, INC.","2,899 M",Consumer Discretionary,Specialty Retail,Automotive Retail
GPMT,GRANITE POINT MTG TRUST INC COM USD0.01,GRANITE POINT MORTGAGE TRUST INC,592 M,Financials,Mortgage Real Estate Investment Trusts (REITs),Mortgage REITs
GPRE,GREEN PLAINS INC COM,GREEN PLAINS INC,"2,010 M",Energy,"Oil, Gas & Consumable Fuels",Oil & Gas Refining & Marketing
GTLS,CHART INDUSTRIES INC COM,CHART INDUSTRIES INCORPORATED,"6,792 M",Industrials,Machinery,Industrial Machinery
GTY,GETTY REALTY CORP COM USD0.01,GETTY REALTY CORPORATION,"1,284 M",Real Estate,Equity Real Estate Investment Trusts (REITs),Retail REITs
GVA,GRANITE CONSTRUCTION COM,GRANITE CONSTRUCTION INCORPORATED,"1,472 M",Industrials,Construction & Engineering,Construction & Engineering
GWB,GREAT WESTERN BANCORP INC .8425:1 EXC 2/1/22 32055Y201,GREAT WESTERN BANCORP INC,"1,705 M",Financials,Banks,Regional Banks
HA,HAWAIIAN HOLDINGS INC COM,"HAWAIIAN HOLDINGS, INC.",855 M,Industrials,Airlines,Airlines
HAFC,HANMI FINANCIAL CORP COM,HANMI FINANCIAL CORPORATION,724 M,Financials,Banks,Regional Banks
HAYN,HAYNES INTERNATIONAL INC COM,"HAYNES INTERNATIONAL, INC.",487 M,Materials,Metals & Mining,Steel
HCC,WARRIOR MET COAL INC COM,WARRIOR MET COAL LLC,"1,872 M",Materials,Metals & Mining,Steel
HCI,HCI GROUP INC COM,HCI GROUP INC,606 M,Financials,Insurance,Property & Casualty Insurance
HFWA,HERITAGE FINANCIAL CORP COM,HERITAGE FINANCIAL CORP,911 M,Financials,Banks,Regional Banks
HI,HILLENBRAND INC COM,"HILLENBRAND, INCORPORATION","3,081 M",Industrials,Machinery,Industrial Machinery
HIBB,HIBBETT INC COM,HIBBETT INC,647 M,Consumer Discretionary,Specialty Retail,Specialty Stores
HLIT,HARMONIC INC COM,HARMONIC INCORPORATED,"1,046 M",Information Technology,Communications Equipment,Communications Equipment
HLX,HELIX ENERGY SOLUTIONS GRP INC COM,"HELIX ENERGY SOLUTIONS GROUP, INC.",708 M,Energy,Energy Equipment & Services,Oil & Gas Equipment & Services
HMN,HORACE MANN EDUCATORS CORP COM,HORACE MANN EDUCATORS CORPORATION,"1,596 M",Financials,Insurance,Multi-line Insurance
HMST,HOMESTREET INC COM,HOMESTREET INC,727 M,Financials,Banks,Regional Banks
HMSY,HMS HOLDINGS CORP CSH MRG $37/SH 4/5/21,HMS HOLDINGS CORP,<empty>,Health Care,Health Care Technology,Health Care Technology
HNGR,HANGER INC COM,HANGER INCORPORATION,624 M,Health Care,Health Care Providers & Services,Health Care Facilities
HNI,HNI CORP COM,HNI CORPORATION,"1,607 M",Industrials,Commercial Services & Supplies,Office Services & Supplies
HOPE,HOPE BANCORP INC COM,HOPE BANCORP INC,"1,751 M",Financials,Banks,Regional Banks
HP,HELMERICH & PAYNE INC COM,"HELMERICH & PAYNE, INC.","5,316 M",Energy,Energy Equipment & Services,Oil & Gas Drilling
HSC,HARSCO CORP COM,HARSCO CORPORATION,655 M,Industrials,Commercial Services & Supplies,Environmental & Facilities Services
HSII,HEIDRICK & STRUGGLES COM,"HEIDRICK & STRUGGLES INTERNATIONAL, INC.",683 M,Industrials,Professional Services,Human Resource & Employment Services
HSKA,HESKA CORP COM,HESKA CORPORATION,"1,082 M",Health Care,Health Care Equipment & Supplies,Health Care Equipment
HSTM,HEALTHSTREAM INC COM,"HEALTHSTREAM, INC.",635 M,Health Care,Health Care Technology,Health Care Technology
HT,HERSHA HOSPITALITY TRUST BEN INTEREST USD0.01 CL 'A',HERSHA HOSPITALITY TRUST,446 M,Real Estate,Equity Real Estate Investment Trusts (REITs),Hotel & Resort REITs
HTH,HILLTOP HOLDINGS INC COM,HILLTOP HOLDINGS INC,"2,400 M",Financials,Banks,Regional Banks
HTLD,HEARTLAND EXPRESS INC COM,HEARTLAND EXPRESS INCORPORATED,"1,160 M",Industrials,Road & Rail,Trucking
HUBG,HUB GROUP INC COM CL A,"HUB GROUP, INC.","2,627 M",Industrials,Air Freight & Logistics,Air Freight & Logistics
HVT,HAVERTY FURNITURE COS INC COM,HAVERTY FURNITURE COMPANIES INCORPORATION,464 M,Consumer Discretionary,Specialty Retail,Homefurnishing Retail
HWKN,HAWKINS INC COM,"HAWKINS, INC.",782 M,Materials,Chemicals,Commodity Chemicals
HZO,MARINEMAX INC COM,MARINEMAX INC,866 M,Consumer Discretionary,Specialty Retail,Specialty Stores
IBP,INSTALLED BUILDING PRODUCTS IN COM,INSTALLED BUILDING PRODUCTS INC,"2,828 M",Consumer Discretionary,Household Durables,Homebuilding
IBTX,INDEPENDENT BANK GROUP INC COM,INDEPENDENT BANK GROUP INC,"3,074 M",Financials,Banks,Regional Banks
ICHR,ICHOR HOLDINGS LTD COM,ICHOR HOLDINGS LTD,856 M,Information Technology,Semiconductors & Semiconductor Equipment,Semiconductor Equipment
IIIN,INSTEEL INDUSTRIES INC COM,"INSTEEL INDUSTRIES, INC.",840 M,Industrials,Building Products,Building Products
IIPR,INNOVATIVE INDUSTRIAL PROPERTE COM USD0.001,INNOVATIVE INDUSTRIAL PROPERTIES INC,"3,764 M",Real Estate,Equity Real Estate Investment Trusts (REITs),Industrial REITs
ILPT,INDUSTRIAL LOGISTICS PPTYS TR COM SHS OF BEN INT USD0.01,INDUSTRIAL LOGISTICS PROPERTIES TRUST,957 M,Real Estate,Equity Real Estate Investment Trusts (REITs),Industrial REITs
INDB,INDEPENDENT BANK CORP (MASS) COM,INDEPENDENT BANK CORP (MASSACHUSETTS),"3,900 M",Financials,Banks,Regional Banks
INGN,INOGEN INC COM,INOGEN INC,601 M,Health Care,Health Care Equipment & Supplies,Health Care Equipment
INN,SUMMIT HOTEL PROPERTIES INC COM USD0.01,SUMMIT HOTEL PROPERTIES INC,958 M,Real Estate,Equity Real Estate Investment Trusts (REITs),Hotel & Resort REITs
INVA,INNOVIVA INC COM,INNOVIVA INC,"1,058 M",Health Care,Pharmaceuticals,Pharmaceuticals
IOSP,INNOSPEC INC COM,INNOSPEC INC.,"2,597 M",Materials,Chemicals,Specialty Chemicals
IPAR,INTER PARFUMS INC COM,"INTER PARFUMS, INC.","2,357 M",Consumer Staples,Personal Products,Personal Products
IRBT,IROBOT CORP COM,IROBOT CORPORATION,"1,222 M",Consumer Discretionary,Household Durables,Household Appliances
IRT,INDEPENDENCE REALTY TRUST INC COM USD0.01,INDEPENDENCE REALTY TRUST INC,"5,233 M",Real Estate,Equity Real Estate Investment Trusts (REITs),Residential REITs
ISBC,INVESTORS BANCORP INC .297:1 MRG $1.46/SH 4/7/22,INVESTORS BANCORP INC,<empty>,Financials,Banks,Regional Banks
ITGR,INTEGER HOLDINGS CORPORATION COM,INTEGER HOLDINGS CORP,"2,612 M",Health Care,Health Care Equipment & Supplies,Health Care Equipment
ITRI,ITRON INC COM,"ITRON, INC.","2,336 M",Information Technology,"Electronic Equipment, Instruments & Components",Electronic Equipment & Instruments
IVC,INVACARE CORP COM,INVACARE CORPORATION,36 M,Health Care,Health Care Equipment & Supplies,Health Care Equipment
IVR,INVESCO MORTGAGE CAPITAL INC COM,INVESCO MORTGAGE CAPITAL INCORPORATION,585 M,Financials,Mortgage Real Estate Investment Trusts (REITs),Mortgage REITs
JBSS,SANFILIPPO (JOHN B) & SON INC COM,"JOHN B. SANFILIPPO & SON, INCORPORATION",850 M,Consumer Staples,Food Products,Packaged Foods & Meats
JBT,JOHN BEAN TECH COR COM,JOHN BEAN TECHNOLOGIES CORPORATION,"3,974 M",Industrials,Machinery,Industrial Machinery
JJSF,J & J SNACK FOODS CORP COM,J & J SNACK FOODS CORP.,"2,438 M",Consumer Staples,Food Products,Packaged Foods & Meats
JOE,ST JOE CO COM,ST JOE CO,"2,922 M",Real Estate,Real Estate Management & Development,Diversified Real Estate Activities
JRVR,JAMES RIVER GROUP HLDGS LTD COM,JAMES RIVER GROUP HOLDINGS LTD,940 M,Financials,Insurance,Property & Casualty Insurance
KALU,KAISER ALUMINUM CORP COM,KAISER ALUMINUM CORPORATION,"1,630 M",Materials,Metals & Mining,Aluminum
KAMN,KAMAN CORP COM,KAMAN CORPORATION,"1,032 M",Industrials,Aerospace & Defense,Aerospace & Defense
KELYA,KELLY SERVICES INC COM CL A,KELLY SERVICES INCORPORATED,753 M,Industrials,Professional Services,Human Resource & Employment Services
KFY,KORN FERRY COM,KORN FERRY,"3,336 M",Industrials,Professional Services,Human Resource & Employment Services
KLIC,KULICKE & SOFFA INDUSTRIES INC COM,"KULICKE AND SOFFA INDUSTRIES, INC.","3,170 M",Information Technology,Semiconductors & Semiconductor Equipment,Semiconductor Equipment
KN,KNOWLES CORP COM,KNOWLES CORP,"1,793 M",Information Technology,"Electronic Equipment, Instruments & Components",Electronic Components
KOP,KOPPERS HOLDINGS INC COM,KOPPERS HOLDINGS INC.,590 M,Materials,Chemicals,Commodity Chemicals
KRA,KRATON CORPORATION CSH MRG @$46.50/SH 3/15/22,KRATON CORP,"1,498 M",Materials,Chemicals,Specialty Chemicals
KREF,KKR REAL ESTATE FINANCE TRUST COM,KKR REAL ESTATE FINANCE TRUST INC,"1,316 M",Financials,Mortgage Real Estate Investment Trusts (REITs),Mortgage REITs
KRG,KITE REALTY GROUP TRUST COM USD0.01,KITE REALTY GROUP TRUST,"4,462 M",Real Estate,Equity Real Estate Investment Trusts (REITs),Retail REITs
KTB,KONTOOR BRANDS INC COM,KONTOOR BRANDS INC,"2,234 M",Consumer Discretionary,"Textiles, Apparel & Luxury Goods","Apparel, Accessories & Luxury Goods"
KWR,QUAKER HOUGHTON COM,QUAKER CHEMICAL CORPORATION,"2,955 M",Materials,Chemicals,Specialty Chemicals
LCI,LANNETT CO INC COM,"LANNETT COMPANY, INC.",22 M,Health Care,Pharmaceuticals,Pharmaceuticals
LCII,LCI INDUSTRIES COM,LCI INDUSTRIES,"2,935 M",Consumer Discretionary,Auto Components,Auto Parts & Equipment
LDL,LYDALL INC CSH MRG $62.10/SH 10/1/21,"LYDALL, INCORPORATED","1,120 M",Industrials,Machinery,Industrial Machinery
LGIH,LGI HOMES INC COM,LGI HOMES INC,"2,316 M",Consumer Discretionary,Household Durables,Homebuilding
LL,LL FLOORING HOLDINGS INC COM,LL FLOORING HOLDINGS INC,360 M,Consumer Discretionary,Specialty Retail,Home Improvement Retail
LMAT,LEMAITRE VASCULAR INC COM,"LEMAITRE VASCULAR, INC.","1,000 M",Health Care,Health Care Equipment & Supplies,Health Care Equipment
LMNX,LUMINEX CORP (DEL) CSH MRG @ $37.00/SH 7/15/21,LUMINEX CORPORATION,<empty>,Health Care,Life Sciences Tools & Services,Life Sciences Tools & Services
LNN,LINDSAY CORPORATION COM,LINDSAY CORPORATION,"1,462 M",Industrials,Machinery,Agricultural & Farm Machinery
LNTH,LANTHEUS HOLDINGS INC COM,LANTHEUS HOLDINGS INC,"4,920 M",Health Care,Health Care Equipment & Supplies,Health Care Supplies
LOCO,EL POLLO LOCO HOLDINGS INC COM,EL POLLO LOCO HOLDINGS INC,383 M,Consumer Discretionary,"Hotels, Restaurants & Leisure",Restaurants
LPG,DORIAN LPG LIMITED COM,DORIAN LPG LTD,724 M,Energy,"Oil, Gas & Consumable Fuels",Oil & Gas Storage & Transportation
LPI,LAREDO PETROLEUM INC COM,LAREDO PETROLEUM INC,"1,848 M",Energy,"Oil, Gas & Consumable Fuels",Oil & Gas Exploration & Production
LPSN,LIVEPERSON INC COM,"LIVEPERSON, INC.","1,269 M",Information Technology,Software,Application Software
LQDT,LIQUIDITY SVCS INC COM,"LIQUIDITY SERVICES, INC.",436 M,Consumer Discretionary,Internet & Direct Marketing Retail,Internet & Direct Marketing Retail
LTC,LTC PROPERTIES INC COM USD0.01,"LTC PROPERTIES, INC.","1,500 M",Real Estate,Equity Real Estate Investment Trusts (REITs),Health Care REITs
LTHM,LIVENT CORPORATION COM,LIVENT CORP,"4,529 M",Materials,Chemicals,Specialty Chemicals
LXP,LXP INDUSTRIAL TRUST COM USD0.0001,LXP INDUSTRIAL TRUST,"3,246 M",Real Estate,Equity Real Estate Investment Trusts (REITs),Industrial REITs
LZB,LA-Z-BOY INC COM,LA-Z-BOY INCORPORATED,"1,102 M",Consumer Discretionary,Household Durables,Home Furnishings
M,MACY'S INC COM,MACY'S INC,"6,804 M",Consumer Discretionary,Multiline Retail,Department Stores
MANT,MANTECH INTERNATIONAL CORP COM CL A,MANTECH INTERNATIONAL CORPORATION,"3,913 M",Industrials,Professional Services,Research & Consulting Services
MATW,MATTHEWS INTL CORP COM CL A,MATTHEWS INTERNATIONAL CORPORATION,"1,015 M",Industrials,Commercial Services & Supplies,Diversified Support Services
MATX,MATSON INC COM,MATSON INC,"3,715 M",Industrials,Marine,Marine
MCRI,MONARCH CASINO & RESORT COM,"MONARCH CASINO & RESORT, INC.","1,319 M",Consumer Discretionary,"Hotels, Restaurants & Leisure",Casinos & Gaming
MCS,MARCUS CORP COM,MARCUS CORP,489 M,Communication Services,Entertainment,Movies & Entertainment
MD,MEDNAX INC COM,MEDNAX INC,"1,719 M",Health Care,Health Care Providers & Services,Health Care Services
MDC,M.D.C. HLDGS INC COM,"M.D.C. HOLDINGS, INC.","2,694 M",Consumer Discretionary,Household Durables,Homebuilding
MDP,MEREDITH CORP CSH MRG $16.99/SH 12/2/21,HAWKEYE ACQUISITION INC,"2,706 M",Communication Services,Media,Publishing
MDRX,ALLSCRIPTS-MISYS HEALTHCARE SO COM,"ALLSCRIPTS HEALTHCARE SOLUTIONS, INCORPORATION","2,003 M",Health Care,Health Care Technology,Health Care Technology
MED,MEDIFAST INC COM,"MEDIFAST, INC.","2,163 M",Consumer Staples,Personal Products,Personal Products
MEI,METHODE ELECTRONICS INC COM,"METHODE ELECTRONICS, INCORPORATED","1,661 M",Information Technology,"Electronic Equipment, Instruments & Components",Electronic Manufacturing Services
MERC,MERCER INTERNATIONAL INC COM,MERCER INTERNATIONAL INC.,985 M,Materials,Paper & Forest Products,Paper Products
MGLN,MAGELLAN HEALTH INC CSH MRG $95.00/SH 1/5/22,MAGELLAN HEALTH INC,<empty>,Health Care,Health Care Providers & Services,Managed Health Care
MGPI,MGP INGREDIENTS INC NEW COM,MGP INGREDIENTS INC,"2,122 M",Consumer Staples,Beverages,Distillers & Vintners
MHO,M/I HOMES INC COM,"M/I HOMES, INC.","1,339 M",Consumer Discretionary,Household Durables,Homebuilding
MIK,MICHAELS CO INC CSH MRG $22.00/SH 4/16/21,MICHAELS COMPANIES INC,<empty>,Consumer Discretionary,Specialty Retail,Specialty Stores
MLAB,MESA LABORATORIES INC COM,"MESA LABORATORIES, INC.","1,136 M",Health Care,Health Care Equipment & Supplies,Health Care Equipment
MLI,MUELLER INDUSTRIES INC COM,"MUELLER INDUSTRIES, INC.","3,180 M",Industrials,Machinery,Industrial Machinery
MMI,MARCUS & MILLICHAP INC COM,MARCUS & MILLICHAP INC,"1,554 M",Real Estate,Real Estate Management & Development,Real Estate Services
MMSI,MERIT MEDICAL SYSTEMS COM,"MERIT MEDICAL SYSTEMS, INC.","3,511 M",Health Care,Health Care Equipment & Supplies,Health Care Supplies
MNRO,MONRO INC COM,MONRO INC,"1,536 M",Consumer Discretionary,Specialty Retail,Automotive Retail
MODV,MODIVCARE INC COM,MODIVCARE INC,"1,342 M",Health Care,Health Care Providers & Services,Health Care Services
MOG/A,MOOG INC COM CL A,MOOG INC.,"2,673 M",Industrials,Aerospace & Defense,Aerospace & Defense
MOV,MOVADO GROUP INC COM,"MOVADO GROUP, INC.",762 M,Consumer Discretionary,"Textiles, Apparel & Luxury Goods","Apparel, Accessories & Luxury Goods"
MPAA,MOTORCAR PARTS OF AMERICA INC COM,"MOTORCAR PARTS OF AMERICA, INC.",283 M,Consumer Discretionary,Auto Components,Auto Parts & Equipment
MRTN,MARTEN TRANSPORT COM,"MARTEN TRANSPORT, LTD.","1,453 M",Industrials,Road & Rail,Trucking
MSTR,MICROSTRATEGY COM CL A,MICROSTRATEGY INCORPORATED,"2,626 M",Information Technology,Software,Application Software
MTDR,MATADOR RESOURCES COMPANY COM,MATADOR RESOURCES COMPANY,"7,500 M",Energy,"Oil, Gas & Consumable Fuels",Oil & Gas Exploration & Production
MTH,MERITAGE HOMES CORP COM,MERITAGE HOMES CORP.,"3,154 M",Consumer Discretionary,Household Durables,Homebuilding
MTOR,MERITOR INC COM,MERITOR INC,"2,565 M",Industrials,Machinery,Construction Machinery & Heavy Trucks
MTRN,MATERION CORP COM,MATERION CORP,"1,739 M",Materials,Metals & Mining,Diversified Metals & Mining
MTRX,MATRIX SERVICE CO COM,MATRIX SERVICE COMPANY,162 M,Industrials,Construction & Engineering,Construction & Engineering
MTSC,MTS SYSTEMS CORP CSH MRG $58.50/SH 4/8/21,MTS SYSTEMS CORPORATION,<empty>,Information Technology,"Electronic Equipment, Instruments & Components",Electronic Equipment & Instruments
MXL,MAXLINEAR INC COM,"MAXLINEAR, INCORPORATION","3,093 M",Information Technology,Semiconductors & Semiconductor Equipment,Semiconductors
MYE,MYERS INDUSTRIES INC COM,"MYERS INDUSTRIES, INC.",908 M,Materials,Containers & Packaging,Metal & Glass Containers
MYGN,MYRIAD GENETICS INC COM,MYRIAD GENETICS INC,"1,583 M",Health Care,Biotechnology,Biotechnology
MYRG,MYR GRP INC COM,"MYR GROUP, INCORPORATION","1,586 M",Industrials,Construction & Engineering,Construction & Engineering
NBHC,NATIONAL BANK HOLDINGS CORP COM CL A,NATIONAL BANK HOLDINGS CORP,"1,227 M",Financials,Banks,Regional Banks
NBR,NABORS INDUSTRIES LTD COM,NABORS INDUSTRIES LIMITED,"1,671 M",Energy,Energy Equipment & Services,Oil & Gas Drilling
NBTB,NBT BANCORP INC COM,NBT BANCORP INC.,"1,608 M",Financials,Banks,Regional Banks
NE,NOBLE CORP COM,NOBLE HOLDING CORPORATION PLC,"2,400 M",Energy,Energy Equipment & Services,Oil & Gas Drilling
NEO,NEOGENOMICS INC COM,"NEOGENOMICS, INC.","1,035 M",Health Care,Life Sciences Tools & Services,Life Sciences Tools & Services
NFBK,NORTHFIELD BANCORP INC COM,NORTHFIELD BANCORP INC,646 M,Financials,Thrifts & Mortgage Finance,Thrifts & Mortgage Finance
NMIH,NMI HOLDINGS INC COM CL A,NMI HOLDINGS INC,"1,602 M",Financials,Thrifts & Mortgage Finance,Thrifts & Mortgage Finance
NP,NEENAH INC COM,NEENAH INC,656 M,Materials,Paper & Forest Products,Paper Products
NPK,NATIONAL PRESTO INDUSTRIES INC COM,"NATIONAL PRESTO INDUSTRIES, INCORPORATED",482 M,Industrials,Aerospace & Defense,Aerospace & Defense
NPO,ENPRO INDUSTRIES INC COM,"ENPRO INDUSTRIES, INC.","2,038 M",Industrials,Machinery,Industrial Machinery
NSA,NATIONAL STORAGE AFFILIATES TR USD0.01(BEN OF INT),NATIONAL STORAGE AFFILIATES TRUST,"4,688 M",Real Estate,Equity Real Estate Investment Trusts (REITs),Specialized REITs
NSIT,INSIGHT ENTERPRISE INC COM,INSIGHT ENTERPRISES INCORPORATED,"3,477 M",Information Technology,"Electronic Equipment, Instruments & Components",Technology Distributors
NTGR,NETGEAR INC COM,"NETGEAR, INC.",558 M,Information Technology,Communications Equipment,Communications Equipment
NTUS,NATUS MEDICAL INC COM,"NATUS MEDICAL, INCORPORATION","1,141 M",Health Care,Health Care Equipment & Supplies,Health Care Equipment
NWBI,NORTHWEST BANCSHARES INC COM,NORTHWEST BANCSHARES INCORPORATION,"1,613 M",Financials,Banks,Regional Banks
NWN,NORTHWEST NATURAL HOLDING CO COM,NORTHWEST NATURAL HOLDING CO,"1,902 M",Utilities,Gas Utilities,Gas Utilities
NX,QUANEX BLDG PRODS COM,QUANEX BUILDING PRODUCTS CORPORATION,754 M,Industrials,Building Products,Building Products
NXGN,NEXTGEN HEALTHCARE INC COM,NEXTGEN HEALTHCARE INC,"1,261 M",Health Care,Health Care Technology,Health Care Technology
NXRT,NEXPOINT RESIDENTIAL TRUST INC COM USD0.001 'WI',NEXPOINT RESIDENTIAL TRUST INC,"1,920 M",Real Estate,Equity Real Estate Investment Trusts (REITs),Residential REITs
NYMT,NEW YORK MORTGAGE TRUST INC COM,"NEW YORK MORTGAGE TRUST, INC.","1,188 M",Financials,Mortgage Real Estate Investment Trusts (REITs),Mortgage REITs
ODP,THE ODP CORPORATION COM,ODP CORP,"1,847 M",Consumer Discretionary,Specialty Retail,Specialty Stores
OFG,OFG BANCORP COM,OFG BANCORP,"1,402 M",Financials,Banks,Regional Banks
OFIX,ORTHOFIX MEDICAL INC COM,<empty>,544 M,Health Care,Health Care Equipment & Supplies,Health Care Equipment
OII,OCEANEERING INTERNATIONAL INC COM,"OCEANEERING INTERNATIONAL, INC.","1,265 M",Energy,Energy Equipment & Services,Oil & Gas Equipment & Services
OIS,OIL STATES INTERNATIONAL INC COM,"OIL STATES INTERNATIONAL, INC.",494 M,Energy,Energy Equipment & Services,Oil & Gas Equipment & Services
OMCL,OMNICELL INC COM,OMNICELL INCORPORATED,"4,788 M",Health Care,Health Care Equipment & Supplies,Health Care Equipment
OMI,OWENS & MINOR INC COM,"OWENS & MINOR, INCORPORATED","2,558 M",Health Care,Health Care Providers & Services,Health Care Distributors
ONB,OLD NATIONAL BANCORP (INDIANA) COM,OLD NATIONAL BANCORP,"4,664 M",Financials,Banks,Regional Banks
ONTO,ONTO INNOVATION INC COM,ONTO INNOVATION INC,"4,069 M",Information Technology,Semiconductors & Semiconductor Equipment,Semiconductor Equipment
OPI,OFFICE PROPERTIES INCOME TRUST COM USD0.01 SHS OF BEN INT,OFFICE PROPERTIES INCOME TRUST,"1,004 M",Real Estate,Equity Real Estate Investment Trusts (REITs),Office REITs
OSIS,OSI SYSTEMS INC COM,"OSI SYSTEMS, INC.","1,438 M",Information Technology,"Electronic Equipment, Instruments & Components",Electronic Equipment & Instruments
OSPN,ONESPAN INC COM,ONESPAN INC,553 M,Information Technology,Software,Systems Software
OSUR,ORASURE TECHNOLOGIES INC COM,ORASURE TECHNOLOGIES INCORPORATED,292 M,Health Care,Health Care Equipment & Supplies,Health Care Supplies
OXM,OXFORD INDUSTRIES INC COM,OXFORD INDUSTRIES INC,"1,538 M",Consumer Discretionary,"Textiles, Apparel & Luxury Goods","Apparel, Accessories & Luxury Goods"
PAHC,PHIBRO ANIMAL HEALTH CORP COM CL A,PHIBRO ANIMAL HEALTH CORP,776 M,Health Care,Pharmaceuticals,Pharmaceuticals
PARR,PAR PACIFIC HOLDINGS INC COM,PAR PACIFIC HOLDINGS INC,"1,045 M",Energy,"Oil, Gas & Consumable Fuels",Oil & Gas Refining & Marketing
PATK,PATRICK INDUSTRIES INC COM,"PATRICK INDUSTRIES, INC.","1,381 M",Consumer Discretionary,Auto Components,Auto Parts & Equipment
PBF,PBF ENERGY INC COM CL A,PBF ENERGY INC,"4,488 M",Energy,"Oil, Gas & Consumable Fuels",Oil & Gas Refining & Marketing
PBH,PRESTIGE CONSUMER HEALTHCARE I COM,PRESTIGE CONSUMER HEALTHCARE INC,"2,845 M",Health Care,Pharmaceuticals,Pharmaceuticals
PBI,PITNEY BOWES INC COM,PITNEY BOWES INC.,845 M,Industrials,Commercial Services & Supplies,Office Services & Supplies
PCRX,PACIRA BIOSCIENCES INC COM,PACIRA BIOSCIENCES INC,"2,940 M",Health Care,Pharmaceuticals,Pharmaceuticals
PDCE,PDC ENERGY INC COM,PDC ENERGY INCORPORATED,"8,369 M",Energy,"Oil, Gas & Consumable Fuels",Oil & Gas Exploration & Production
PDFS,PDF SOLUTIONS INC COM,"PDF SOLUTIONS, INC.",894 M,Information Technology,Semiconductors & Semiconductor Equipment,Semiconductor Equipment
PETS,PETMED EXPRESS INC COM,"PETMED EXPRESS, INC.",460 M,Consumer Discretionary,Internet & Direct Marketing Retail,Internet & Direct Marketing Retail
PFBC,PREFERRED BANK COM,PREFERRED BANK,"1,009 M",Financials,Banks,Regional Banks
PFS,PROVIDENT FINL SVC COM,"PROVIDENT FINANCIAL SERVICES, INC.","1,720 M",Financials,Thrifts & Mortgage Finance,Thrifts & Mortgage Finance
PGTI,PGT INNOVATIONS INC COM,PGT INNOVATIONS INC,"1,221 M",Industrials,Building Products,Building Products
PIPR,PIPER SANDLER COMPANIES COM,PIPER SANDLER COMPANIES,"2,282 M",Financials,Capital Markets,Investment Banking & Brokerage
PKE,PARK AEROSPACE CORP COM,PARK AEROSPACE CORP,252 M,Industrials,Aerospace & Defense,Aerospace & Defense
PLAB,PHOTRONICS INC COM,"PHOTRONICS, INC.","1,356 M",Information Technology,Semiconductors & Semiconductor Equipment,Semiconductor Equipment
PLAY,DAVE & BUSTER'S ENTERTAINMENT COM,DAVE & BUSTER'S ENTERTAINMENT INC,"1,815 M",Consumer Discretionary,"Hotels, Restaurants & Leisure",Restaurants
PLCE,CHILDREN'S PLACE INC COM,CHILDREN'S PLACE INC,601 M,Consumer Discretionary,Specialty Retail,Apparel Retail
PLMR,PALOMAR HOLDINGS INC COM,PALOMAR HOLDINGS INC,"1,587 M",Financials,Insurance,Property & Casualty Insurance
PLT,PLANTRONICS INC COM,<empty>,<empty>,Information Technology,Communications Equipment,Communications Equipment
PLUS,EPLUS INC COM,EPLUS INC.,"1,538 M",Information Technology,"Electronic Equipment, Instruments & Components",Technology Distributors
PLXS,PLEXUS CORP COM,PLEXUS CORPORATION,"2,313 M",Information Technology,"Electronic Equipment, Instruments & Components",Electronic Manufacturing Services
PMT,PENNYMAC MTG INVEST TRUST COM,PENNYMAC MORTGAGE INVESTMENT TRUST,"1,491 M",Financials,Mortgage Real Estate Investment Trusts (REITs),Mortgage REITs
PNTG,PENNANT GROUP INC COM,PENNANT GROUP INC,543 M,Health Care,Health Care Providers & Services,Health Care Facilities
POWI,POWER INTEGRATIONS INC COM,"POWER INTEGRATIONS, INC.","4,929 M",Information Technology,Semiconductors & Semiconductor Equipment,Semiconductors
POWL,POWELL INDUSTRIES INC COM,"POWELL INDUSTRIES, INC.",326 M,Industrials,Electrical Equipment,Electrical Components & Equipment
PPBI,PACIFIC PREMIER BANCORP INC COM,"PACIFIC PREMIER BANCORP, INC.","3,089 M",Financials,Banks,Regional Banks
PRA,PROASSURANCE CORP COM,PROASSURANCE CORPORATION,"1,205 M",Financials,Insurance,Property & Casualty Insurance
PRAA,PRA GROUP INC COM,PRA GROUP INC,"1,450 M",Financials,Consumer Finance,Consumer Finance
PRDO,PERDOCEO EDUCATION CORPORATION COM,PERDOCEO EDUCATION CORP,738 M,Consumer Discretionary,Diversified Consumer Services,Education Services
PRFT,PERFICIENT INC COM,PERFICIENT INC,"3,606 M",Information Technology,IT Services,IT Consulting & Other Services
PRGS,PROGRESS SOFTWARE CORP COM,PROGRESS SOFTWARE CORPORATION,"2,194 M",Information Technology,Software,Systems Software
PRK,PARK NATIONAL CORP COM,PARK NATIONAL CORPORATION,"2,018 M",Financials,Banks,Regional Banks
PRLB,PROTO LABS INC COM,PROTO LABS INC,"1,346 M",Industrials,Machinery,Industrial Machinery
PSMT,PRICESMART INC COM,"PRICESMART, INC.","2,439 M",Consumer Staples,Food & Staples Retailing,Hypermarkets & Super Centers
PTEN,PATTERSON UTI ENERGY INC COM,"PATTERSON-UTI ENERGY, INC.","4,170 M",Energy,Energy Equipment & Services,Oil & Gas Drilling
PUMP,PROPETRO HOLDING CORP COM,PROPETRO HOLDING CORP,"1,405 M",Energy,Energy Equipment & Services,Oil & Gas Equipment & Services
PVAC,PENN VIRGINIA CORP COM,<empty>,<empty>,Energy,"Oil, Gas & Consumable Fuels",Oil & Gas Exploration & Production
QEP,QEP RESOURCES INC 0.05:1 EXC 3/17/21 25278X109,QEP RESOURCES INCORPORATION,990 M,Energy,"Oil, Gas & Consumable Fuels",Oil & Gas Exploration & Production
QNST,QUINSTREET INC COM,"QUINSTREET, INCORPORATION",603 M,Communication Services,Interactive Media & Services,Interactive Media & Services
RAVN,RAVEN INDUSTRIES INC CSH MRG $58.00/SH 12/1/21,"RAVEN INDUSTRIES, INC.",<empty>,Industrials,Industrial Conglomerates,Industrial Conglomerates
RC,READY CAPITAL CORPORATION COM USD0.0001,READY CAPITAL CORP,"1,666 M",Financials,Mortgage Real Estate Investment Trusts (REITs),Mortgage REITs
RCII,RENT A CENTER INC COM,RENT A CENTER INCORPORATED,"1,507 M",Consumer Discretionary,Specialty Retail,Computer & Electronics Retail
RCM,R1 RCM INC COM,R1 RCM INC,"6,112 M",Health Care,Health Care Providers & Services,Health Care Services
RDNT,RADNET INC COM,"RADNET, INC.","1,138 M",Health Care,Health Care Providers & Services,Health Care Services
REGI,RENEWABLE ENERGY GROUP INC COM,RENEWABLE ENERGY GROUP INC,"3,102 M",Energy,"Oil, Gas & Consumable Fuels",Oil & Gas Refining & Marketing
RES,RPC INC COM,"RPC, INC.","2,020 M",Energy,Energy Equipment & Services,Oil & Gas Equipment & Services
REX,REX AMERICAN RESOURCES CORP COM,REX AMERICAN RESOURCES CORPORATION,562 M,Energy,"Oil, Gas & Consumable Fuels",Oil & Gas Refining & Marketing
REZI,RESIDEO TECHNOLOGIES INC COM,RESIDEO TECHNOLOGIES INC,"3,465 M",Industrials,Building Products,Building Products
RGNX,REGENXBIO INC COM,REGENXBIO INC,958 M,Health Care,Biotechnology,Biotechnology
RGP,RESOURCES CONNECTION INC COM,"RESOURCES CONNECTION, INC.",611 M,Industrials,Professional Services,Research & Consulting Services
RGR,STURM RUGER & CO INC COM,STURM RUGER & COMPANY INC,"1,199 M",Consumer Discretionary,Leisure Products,Leisure Products
RGS,REGIS CORP COM,REGIS CORPORATION,30 M,Consumer Discretionary,Diversified Consumer Services,Specialized Consumer Services
RLGY,REALOGY HLDGS CORP COM,REALOGY HOLDINGS CORP,"1,429 M",Real Estate,Real Estate Management & Development,Real Estate Services
RMAX,RE/MAX HOLDINGS COM CL A,RE/MAX HOLDINGS INC,466 M,Real Estate,Real Estate Management & Development,Real Estate Services
RMBS,RAMBUS INC COM,RAMBUS INC,"2,805 M",Information Technology,Semiconductors & Semiconductor Equipment,Semiconductors
RNST,RENASANT CORPORATION COM,RENASANT CORPORATION,"1,743 M",Financials,Banks,Regional Banks
ROCK,GIBRALTAR INDUSTRIES INC COM,"GIBRALTAR INDUSTRIES, INC.","1,451 M",Industrials,Building Products,Building Products
ROG,ROGERS CORP COM,ROGERS CORPORATION,"4,953 M",Information Technology,"Electronic Equipment, Instruments & Components",Electronic Components
ROIC,RETAIL OPP INVESTS CORP COM STK USD0.0001,RETAIL OPPORTUNITY INVESTMENTS CORP,"2,210 M",Real Estate,Equity Real Estate Investment Trusts (REITs),Retail REITs
RPAI,RETAIL PROP OF AMERICA INC .623:1 EXC 10/22/21 49803T300,RETAIL PROPERTIES OF AMERICA INCORPORATED,"2,825 M",Real Estate,Equity Real Estate Investment Trusts (REITs),Retail REITs
RPT,RPT REALTY COM USD0.01 SHS OF BEN INT,RPT REALTY,"1,004 M",Real Estate,Equity Real Estate Investment Trusts (REITs),Retail REITs
RRC,RANGE RESOURCES CORP COM,RANGE RESOURCES CORPORATION,"9,405 M",Energy,"Oil, Gas & Consumable Fuels",Oil & Gas Exploration & Production
RRGB,RED ROBIN GOURMET BURGERS INC COM,"RED ROBIN GOURMET BURGERS, INC.",156 M,Consumer Discretionary,"Hotels, Restaurants & Leisure",Restaurants
RUTH,RUTHS HOSPITALITY GROUP INC COM,"RUTH'S HOSPITALITY GROUP, INCORPORATION",644 M,Consumer Discretionary,"Hotels, Restaurants & Leisure",Restaurants
RWT,REDWOOD TRUST INC COM STK USD0.01,REDWOOD TRUST INC.,"1,247 M",Financials,Mortgage Real Estate Investment Trusts (REITs),Mortgage REITs
RYAM,RAYONIER ADV MATERIALS INC COM,RAYONIER ADVANCED MATERIALS INC,221 M,Materials,Chemicals,Specialty Chemicals
SAFE,SAFEHOLD INC COM USD0.01,SAFEHOLD INC,"2,816 M",Real Estate,Equity Real Estate Investment Trusts (REITs),Specialized REITs
SAFT,SAFETY INSURANCE GROUP INC COM,"SAFETY INSURANCE GROUP, INC.","1,364 M",Financials,Insurance,Property & Casualty Insurance
SAH,SONIC AUTOMOTIVE INC COM CL A,"SONIC AUTOMOTIVE, INC.","1,745 M",Consumer Discretionary,Specialty Retail,Automotive Retail
SAIA,SAIA INC COM,"SAIA, INC.","5,467 M",Industrials,Road & Rail,Trucking
SANM,SANMINA CORP COM,SANMINA CORP,"2,656 M",Information Technology,"Electronic Equipment, Instruments & Components",Electronic Manufacturing Services
SBCF,SEACOAST BANKING OF FLORIDA COM,SEACOAST BANKING CORPORATION OF FLORIDA,"2,105 M",Financials,Banks,Regional Banks
SBH,SALLY BEAUTY HOLDINGS INC COM,"SALLY BEAUTY HOLDINGS, INC.","1,557 M",Consumer Discretionary,Specialty Retail,Specialty Stores
SBSI,SOUTHSIDE BANCSHARES INC COM,"SOUTHSIDE BANCSHARES, INC.","1,291 M",Financials,Banks,Regional Banks
SCHL,SCHOLASTIC CORP COM,SCHOLASTIC CORPORATION,"1,285 M",Communication Services,Media,Publishing
SCL,STEPAN CO COM,STEPAN COMPANY,"2,491 M",Materials,Chemicals,Specialty Chemicals
SCSC,SCANSOURCE INC COM,"SCANSOURCE, INC.",981 M,Information Technology,"Electronic Equipment, Instruments & Components",Technology Distributors
SCVL,SHOE CARNIVAL INC COM,"SHOE CARNIVAL, INC.",748 M,Consumer Discretionary,Specialty Retail,Apparel Retail
SEM,SELECT MEDICAL HOLDINGS CORP COM,SELECT MEDICAL HOLDINGS CORP,"3,306 M",Health Care,Health Care Providers & Services,Health Care Facilities
SENEA,SENECA FOODS COM CL A,SENECA FOODS CORPORATION,470 M,Consumer Staples,Food Products,Packaged Foods & Meats
SFBS,SERVISFIRST BANCSHARES INC COM,"SERVISFIRST BANCSHARES, INC.","4,519 M",Financials,Banks,Regional Banks
SFNC,SIMMONS FIRST NATIONAL CORP COM CL A,SIMMONS FIRST NATIONAL CORPORATION,"3,332 M",Financials,Banks,Regional Banks
SGH,SMART GLOBAL HOLDINGS INC COM,SMART GLOBAL HOLDINGS INC.,"1,234 M",Information Technology,Semiconductors & Semiconductor Equipment,Semiconductors
SHAK,SHAKE SHACK INC COM CL A,SHAKE SHACK INC,"1,862 M",Consumer Discretionary,"Hotels, Restaurants & Leisure",Restaurants
SHEN,SHENANDOAH TELECOMUNICATIONS COM,SHENANDOAH TELECOMMUNICATIONS CO,"1,155 M",Communication Services,Wireless Telecommunication Services,Wireless Telecommunication Services
SHOO,MADDEN (STEVEN) COM,"STEVEN MADDEN, LTD.","3,056 M",Consumer Discretionary,"Textiles, Apparel & Luxury Goods",Footwear
SIG,SIGNET JEWELERS LTD COM,SIGNET JEWELERS LIMITED,"2,933 M",Consumer Discretionary,Specialty Retail,Specialty Stores
SITC,SITE CENTERS CORP COM USD0.10,SITE CENTERS CORP,"3,272 M",Real Estate,Equity Real Estate Investment Trusts (REITs),Retail REITs
SJI,SOUTH JERSEY INDUSTRIES INC COM,"SOUTH JERSEY INDUSTRIES, INC.","4,217 M",Utilities,Gas Utilities,Gas Utilities
SKT,TANGER FACTORY OUTLET CENTERS COM USD0.01,TANGER FACTORY OUTLET CENTRES INCORPORATED,"1,774 M",Real Estate,Equity Real Estate Investment Trusts (REITs),Retail REITs
SKYW,SKYWEST INC COM,SKYWEST INCORPORATED,"1,305 M",Industrials,Airlines,Airlines
SLCA,U S SILICA HLDGS INC COM,US SILICA HOLDINGS INC,"1,344 M",Energy,Energy Equipment & Services,Oil & Gas Equipment & Services
SLP,SIMULATIONS PLUS INC COM,"SIMULATIONS PLUS, INC.","1,000 M",Health Care,Health Care Technology,Health Care Technology
SM,SM ENERGY COMPANY COM,SM ENERGY CO,"6,119 M",Energy,"Oil, Gas & Consumable Fuels",Oil & Gas Exploration & Production
SMP,STANDARD MOTOR PRODUCTS INC COM,"STANDARD MOTOR PRODUCTS, INCORPORATED",892 M,Consumer Discretionary,Auto Components,Auto Parts & Equipment
SMPL,SIMPLY GOOD FOODS COMPANY COM,SIMPLY GOOD FOODS CO,"3,956 M",Consumer Staples,Food Products,Packaged Foods & Meats
SNBR,SLEEP NUMBER CORPORATION COM,SLEEP NUMBER CORP,931 M,Consumer Discretionary,Specialty Retail,Homefurnishing Retail
SNEX,STONEX GROUP INC COM,STONEX GROUP INC,"1,585 M",Financials,Capital Markets,Investment Banking & Brokerage
SPNT,SIRIUSPOINT LTD COM,SIRIUSPOINT LTD,876 M,Financials,Insurance,Reinsurance
SPOK,SPOK HLDGS INC COM,SPOK HOLDINGS INC,139 M,Communication Services,Wireless Telecommunication Services,Wireless Telecommunication Services
SPPI,SPECTRUM PHARMACEUTICALS INC COM,"SPECTRUM PHARMACEUTICALS, INC.",141 M,Health Care,Biotechnology,Biotechnology
SPSC,SPS COMMERCE INC COM,"SPS COMMERCE, INC.","4,056 M",Information Technology,Software,Application Software
SPTN,SPARTANNASH CO COM,SPARTANNASH CO,"1,286 M",Consumer Staples,Food & Staples Retailing,Food Distributors
SPXC,SPX CORP COM,SPX CORPORATION,"2,368 M",Industrials,Machinery,Industrial Machinery
SRDX,SURMODICS INC COM,"SURMODICS, INC.",546 M,Health Care,Health Care Equipment & Supplies,Health Care Equipment
SSP,SCRIPPS (EW) COMPANY COM CL A,E W SCRIPPS CO,"1,289 M",Communication Services,Media,Broadcasting
SSTK,SHUTTERSTOCK INC COM,SHUTTERSTOCK INC,"2,192 M",Consumer Discretionary,Internet & Direct Marketing Retail,Internet & Direct Marketing Retail
STAR,ISTAR INC CLASS'A'SBI USD0.001,ISTAR INC,"1,455 M",Real Estate,Equity Real Estate Investment Trusts (REITs),Diversified REITs
STBA,S & T BANCORP INC COM,"S & T BANCORP, INC.","1,136 M",Financials,Banks,Regional Banks
STC,STEWART INFORMATION SERVICES C COM,STEWART INFORMATION SERVICES CORPORATION,"1,501 M",Financials,Insurance,Property & Casualty Insurance
STMP,STAMPS.COM INC CSH MRG $330.00/SH 10/6/21,STAMPS.COM INCORPORATED,<empty>,Consumer Discretionary,Internet & Direct Marketing Retail,Internet & Direct Marketing Retail
SUPN,SUPERNUS PHARMACEUTICALS INC COM,SUPERNUS PHARMACEUTICALS INC,"1,514 M",Health Care,Pharmaceuticals,Pharmaceuticals
SWM,SCHWEITZER-MAUDUIT INTL INC COM,"SCHWEITZER-MAUDUIT INTERNATIONAL, INC.",886 M,Materials,Chemicals,Commodity Chemicals
SWN,SOUTHWESTERN ENERGY CO COM,SOUTHWESTERN ENERGY COMPANY,"10,364 M",Energy,"Oil, Gas & Consumable Fuels",Oil & Gas Exploration & Production
SXC,SUNCOKE ENERGY INC COM,SUNCOKE ENERGY INCORPORATED,677 M,Materials,Metals & Mining,Steel
SXI,STANDEX INTERNATIONAL CORP COM,STANDEX INTERNATIONAL CORPORATION,"1,143 M",Industrials,Machinery,Industrial Machinery
SYKE,SYKES ENTERPRISES INC CSH MRG $54.00/SH 8/30/21,"SYKES ENTERPRISES, INC",<empty>,Information Technology,IT Services,Data Processing & Outsourced Services
TALO,TALOS ENERGY INC COM,TALOS ENERGY INC,"1,944 M",Energy,"Oil, Gas & Consumable Fuels",Oil & Gas Exploration & Production
TBI,TRUEBLUE INC COM,"TRUEBLUE, INC.",734 M,Industrials,Professional Services,Human Resource & Employment Services
TBK,TRIUMPH BANCORP COM,TRIUMPH BANCORP INC,"1,783 M",Financials,Banks,Regional Banks
TCMD,TACTILE SYSTEMS TECHNOLOGY INC COM,TACTILE SYSTEMS TECHNOLOGY INC,202 M,Health Care,Health Care Equipment & Supplies,Health Care Equipment
TG,TREDEGAR CORP COM,TREDEGAR CORPORATION,415 M,Materials,Chemicals,Commodity Chemicals
TGI,TRIUMPH GROUP INC COM,"TRIUMPH GROUP, INC.","1,013 M",Industrials,Aerospace & Defense,Aerospace & Defense
THRM,GENTHERM INC COM,GENTHERM INCORPORATED,"2,339 M",Consumer Discretionary,Auto Components,Auto Parts & Equipment
TILE,INTERFACE INC COM,INTERFACE INCORPORATED,841 M,Industrials,Commercial Services & Supplies,Office Services & Supplies
TISI,TEAM INC COM,"TEAM, INC.",49 M,Industrials,Commercial Services & Supplies,Environmental & Facilities Services
TMP,TOMPKINS FINANCIAL CORPORATION COM,TOMPKINS FINANCIAL CORPORATION.,"1,083 M",Financials,Banks,Regional Banks
TMST,TIMKENSTEEL CORP COM,TIMKENSTEEL CORP,"1,104 M",Materials,Metals & Mining,Steel
TNC,TENNANT CO COM,TENNANT COMPANY,"1,192 M",Industrials,Machinery,Industrial Machinery
TRHC,TABULA RASA HEALTHCARE INC COM,TABULA RASA HEALTHCARE INC,79 M,Health Care,Health Care Technology,Health Care Technology
TRST,TRUSTCO BANK CORP NY COM,TRUSTCO BANK CORPORATION NY,608 M,Financials,Thrifts & Mortgage Finance,Thrifts & Mortgage Finance
TRUP,TRUPANION INC COM,TRUPANION INC,"2,779 M",Financials,Insurance,Life & Health Insurance
TSE,TRINSEO PLC COM,TRINSEO PLC,"1,727 M",Materials,Chemicals,Commodity Chemicals
TTEC,TTEC HOLDINGS INC COM,TTEC HOLDINGS INC,"3,230 M",Information Technology,IT Services,Data Processing & Outsourced Services
TTGT,TECHTARGET INC COM,"TECHTARGET, INC.","2,161 M",Communication Services,Media,Advertising
TTMI,TTM TECHNOLOGIES INC COM,"TTM TECHNOLOGIES, INC.","1,452 M",Information Technology,"Electronic Equipment, Instruments & Components",Electronic Manufacturing Services
TUP,TUPPERWARE BRANDS CORPORATION COM,TUPPERWARE BRANDS CORPORATION,287 M,Consumer Discretionary,Household Durables,Housewares & Specialties
TVTY,TIVITY HEALTH INC COM,TIVITY HEALTH INC,"1,616 M",Health Care,Health Care Providers & Services,Health Care Services
TWI,TITAN INTL INC COM,"TITAN INTERNATIONAL, INC.","1,172 M",Industrials,Machinery,Agricultural & Farm Machinery
UBA,URSTADT BIDDLE PROPERTIES CLASS'A'COM USD0.01,URSTADT BIDDLE PROPERTIES INC.,693 M,Real Estate,Equity Real Estate Investment Trusts (REITs),Retail REITs
UCBI,UNITED COMMUNITY BANKS INC COM,"UNITED COMMUNITY BANKS, INC.","3,372 M",Financials,Banks,Regional Banks
UCTT,ULTRA CLEAN HLDGS INC COM,"ULTRA CLEAN HOLDINGS, INC.","1,487 M",Information Technology,Semiconductors & Semiconductor Equipment,Semiconductor Equipment
UEIC,UNIVERSAL ELECTRONICS INC COM,UNIVERSAL ELECTRONICS INC.,340 M,Consumer Discretionary,Household Durables,Consumer Electronics
UFCS,UNITED FIRE GROUP INC COM,UNITED FIRE & CASUALTY CO,815 M,Financials,Insurance,Property & Casualty Insurance
UFI,UNIFI INC COM,"UNIFI, INC.",292 M,Consumer Discretionary,"Textiles, Apparel & Luxury Goods",Textiles
UFPI,UFP INDUSTRIES INC COM,UFP INDUSTRIES INC,"4,948 M",Industrials,Building Products,Building Products
UHT,UNIVERSAL HEALTH REALTY SHS BEN INT USD0.01,UNIVERSAL HEALTH REALTY INCOME TRUST,726 M,Real Estate,Equity Real Estate Investment Trusts (REITs),Health Care REITs
UIHC,UNITED INSURANCE HOLDINGS CORP COM,UNITED INSURANCE HOLDINGS CORP,74 M,Financials,Insurance,Property & Casualty Insurance
UIS,UNISYS CORP COM,UNISYS CORPORATION,813 M,Information Technology,IT Services,IT Consulting & Other Services
UNF,UNIFIRST CORP COM,UNIFIRST CORPORATION,"3,191 M",Industrials,Commercial Services & Supplies,Diversified Support Services
UNFI,UNITED NATURAL FOODS COM,"UNITED NATURAL FOODS, INC.","2,531 M",Consumer Staples,Food & Staples Retailing,Food Distributors
UNIT,UNITI GROUP INC COM USD0.0001,UNITI GROUP INC,"2,704 M",Real Estate,Equity Real Estate Investment Trusts (REITs),Specialized REITs
USCR,US CONCRETE INC CSH MRG $74.00/SH 8/27/21,"U.S. CONCRETE, INC.",<empty>,Materials,Construction Materials,Construction Materials
USNA,USANA HEALTH SCIENCES INC COM,"USANA HEALTH SCIENCES, INC.","1,380 M",Consumer Staples,Personal Products,Personal Products
USPH,US PHYSICAL THERAPY COM,US PHYSICAL THERAPY INC,"1,451 M",Health Care,Health Care Providers & Services,Health Care Facilities
UVE,UNIVERSAL INSURANCE INC COM,"UNIVERSAL INSURANCE HOLDINGS, INC",379 M,Financials,Insurance,Property & Casualty Insurance
UVV,UNIVERSAL CORP COM,UNIVERSAL CORPORATION,"1,559 M",Consumer Staples,Tobacco,Tobacco
VBTX,VERITEX HLDGS INC COM,VERITEX HOLDINGS INC,"1,873 M",Financials,Banks,Regional Banks
VECO,VEECO INSTRUMENTS INC COM,VEECO INSTRUMENTS INC.,"1,112 M",Information Technology,Semiconductors & Semiconductor Equipment,Semiconductor Equipment
VG,VONAGE HLDGS CORPORATION COM,VONAGE HOLDINGS CORPORATION,"4,969 M",Information Technology,Software,Application Software
VGR,VECTOR GROUP COM,VECTOR GROUP LIMITED,"1,890 M",Consumer Staples,Tobacco,Tobacco
VIAV,VIAVI SOLUTIONS INC COM,VIAVI SOLUTIONS INC,"3,361 M",Information Technology,Communications Equipment,Communications Equipment
VICR,VICOR CORP COM,VICOR CORPORATION,"3,068 M",Industrials,Electrical Equipment,Electrical Components & Equipment
VIVO,MERIDIAN BIOSCIENCE INC COM COM,"MERIDIAN BIOSCIENCE, INC.","1,195 M",Health Care,Health Care Equipment & Supplies,Health Care Supplies
VNDA,VANDA PHARMACE INC COM,VANDA PHARMACEUTICALS INC.,571 M,Health Care,Biotechnology,Biotechnology
VRA,VERA BRADLEY INC COM,VERA BRADLEY INCORPORATION,218 M,Consumer Discretionary,"Textiles, Apparel & Luxury Goods","Apparel, Accessories & Luxury Goods"
VREX,VAREX IMAGING CORPORATION COM,VAREX IMAGING CORP,877 M,Health Care,Health Care Equipment & Supplies,Health Care Equipment
VRTS,VIRTUS INVESTMENT COM,"VIRTUS INVESTMENT PARTNERS, INCORPORATION","1,439 M",Financials,Capital Markets,Asset Management & Custody Banks
VRTV,VERITIV CORP COM,VERITIV CORP,"2,305 M",Industrials,Trading Companies & Distributors,Trading Companies & Distributors
VSTO,VISTA OUTDOOR INC COM,VISTA OUTDOOR INC,"2,102 M",Consumer Discretionary,Leisure Products,Leisure Products
VTOL,BRISTOW GROUP INC DEL NEW COM,BRISTOW GROUP INC,833 M,Energy,Energy Equipment & Services,Oil & Gas Equipment & Services
VVI,VIAD CORP COM,VIAD CORP,654 M,Industrials,Commercial Services & Supplies,Diversified Support Services
WABC,WESTAMERICA BANCORP COM,WESTAMERICA BANCORP,"1,610 M",Financials,Banks,Regional Banks
WD,WALKER AND DUNLOP COM,WALKER & DUNLOP INCORPORATION,"3,524 M",Financials,Thrifts & Mortgage Finance,Thrifts & Mortgage Finance
WDFC,WD-40 CO COM,WD-40 COMPANY,"2,622 M",Consumer Staples,Household Products,Household Products
WDR,WADDELL & REED FINANCIAL INC CSH MRG $25/SH 5/3/21,"WADDELL & REED FINANCIAL, INC.","1,553 M",Financials,Capital Markets,Asset Management & Custody Banks
WETF,WISDOMTREE INVESTMENTS INC COM,WISDOM TREE INVESTMENTS INC,886 M,Financials,Capital Markets,Asset Management & Custody Banks
WGO,WINNEBAGO INDUSTRIES INC COM,WINNEBAGO INDUSTRIES INC,"1,592 M",Consumer Discretionary,Automobiles,Automobile Manufacturers
WIRE,ENCORE WIRE CORP COM,ENCORE WIRE CORPORATION,"2,602 M",Industrials,Electrical Equipment,Electrical Components & Equipment
WNC,WABASH NATIONAL CORP COM,WABASH NATIONAL CORPORATION,795 M,Industrials,Machinery,Construction Machinery & Heavy Trucks
WRE,WASHINGTON REAL ESTATE INVEST SBI USD0.01,WASHINGTON REAL ESTATE INVESTMENT TRUST,"2,091 M",Real Estate,Equity Real Estate Investment Trusts (REITs),Diversified REITs
WRLD,WORLD ACCEPTANCE CORP COM,WORLD ACCEPTANCE CORPORATION,879 M,Financials,Consumer Finance,Consumer Finance
WSFS,WSFS FINANCIAL CORP COM,WSFS FINANCIAL CORPORATION,"2,756 M",Financials,Thrifts & Mortgage Finance,Thrifts & Mortgage Finance
WSR,WHITESTONE REIT SBI COM USD0.001 CL 'B',WHITESTONE REIT,591 M,Real Estate,Equity Real Estate Investment Trusts (REITs),Retail REITs
WTS,WATTS WATER TECHNOLOGIES INC COM CL A,"WATTS WATER TECHNOLOGIES, INC.","4,514 M",Industrials,Machinery,Industrial Machinery
WWW,WOLVERINE WORLD WIDE INC COM,"WOLVERINE WORLD WIDE, INC","1,767 M",Consumer Discretionary,"Textiles, Apparel & Luxury Goods",Footwear
XHR,XENIA HOTELS & RESORTS INC COM USD0.01,XENIA HOTELS & RESORTS INC,"2,165 M",Real Estate,Equity Real Estate Investment Trusts (REITs),Hotel & Resort REITs
XNCR,XENCOR INC COM,XENCOR INC,"1,298 M",Health Care,Biotechnology,Biotechnology
XPER,XPERI HOLDING CORP COM,XPERI HOLDING CORP,"1,728 M",Information Technology,Software,Systems Software
ZEUS,OLYMPIC STEEL INC COM,"OLYMPIC STEEL, INC.",392 M,Materials,Metals & Mining,Steel
ZUMZ,ZUMIEZ INC COM,ZUMIEZ INC.,621 M,Consumer Discretionary,Specialty Retail,Apparel Retail
ZYXI,ZYNEX INC COM,ZYNEX INCORPORATION,277 M,Health Care,Health Care Equipment & Supplies,Health Care Equipment
